timestamp,date,hour,hourly_index,total_hourly_person,total_hourly_sitting,total_sitting_duration,temperature,precipiation_amount,precipitation_chance,percent_cloud_cover,percent_humidity,conditions,conditions_large
07/10/2024 06:00:00,07/10/2024,06,0.0,0,0.0,0.0,58.5,0.0,0,95.8,96.92,Overcast,Cloudy
07/10/2024 07:00:00,07/10/2024,07,0.0,0,0.0,0.0,58.2,0.0,0,49.2,95.65,Partially cloudy,Cloudy
07/10/2024 08:00:00,07/10/2024,08,0.0,0,0.0,0.0,59.3,0.0,0,100.0,88.83,Overcast,Cloudy
07/10/2024 09:00:00,07/10/2024,09,0.0,0,0.0,0.0,60.3,0.213,100,94.2,73.25,"Rain, Overcast",Rainy
07/10/2024 10:00:00,07/10/2024,10,0.0,0,0.0,0.0,61.1,0.0,0,100.0,63.52,Overcast,Cloudy
07/10/2024 11:00:00,07/10/2024,11,0.0,2,0.0,0.0,61.6,0.0,0,81.9,66.09,Partially cloudy,Cloudy
07/10/2024 12:00:00,07/10/2024,12,50.0,10,5.0,68.27,63.3,0.0,0,94.2,58.89,Overcast,Cloudy
07/10/2024 13:00:00,07/10/2024,13,52.94,17,9.0,134.35,60.9,0.0,0,4.9,70.19,Clear,Clear
07/10/2024 14:00:00,07/10/2024,14,100.0,8,8.0,97.22,62.8,0.0,0,11.1,55.8,Clear,Clear
07/10/2024 15:00:00,07/10/2024,15,0.0,4,0.0,0.0,61.7,0.039,100,39.1,56.78,"Rain, Partially cloudy",Rainy
07/10/2024 16:00:00,07/10/2024,16,56.25,16,9.0,63.23,61.5,0.0,0,32.2,54.81,Partially cloudy,Cloudy
07/10/2024 17:00:00,07/10/2024,17,29.17,24,7.0,65.4,60.2,0.0,0,100.0,60.77,Overcast,Cloudy
07/10/2024 18:00:00,07/10/2024,18,0.0,9,0.0,0.0,58.1,0.0,0,62.6,65.57,Partially cloudy,Cloudy
07/10/2024 19:00:00,07/10/2024,19,0.0,1,0.0,0.0,57.5,0.0,0,37.1,69.63,Partially cloudy,Cloudy
07/10/2024 20:00:00,07/10/2024,20,0.0,0,0.0,0.0,55.5,0.0,0,48.0,77.06,Partially cloudy,Cloudy
07/10/2024 21:00:00,07/10/2024,21,0.0,3,0.0,0.0,52.4,0.015,100,27.4,88.63,"Rain, Partially cloudy",Rainy
07/10/2024 22:00:00,07/10/2024,22,0.0,2,0.0,0.0,50.8,0.0,0,99.2,92.3,Overcast,Cloudy
07/10/2024 23:00:00,07/10/2024,23,0.0,0,0.0,0.0,50.4,0.0,0,99.5,94.04,Overcast,Cloudy
07/11/2024 06:00:00,07/11/2024,06,0.0,3,0.0,0.0,48.3,0.0,0,88.6,89.53,Partially cloudy,Cloudy
07/11/2024 07:00:00,07/11/2024,07,0.0,2,0.0,0.0,48.3,0.0,0,92.1,93.62,Overcast,Cloudy
07/11/2024 08:00:00,07/11/2024,08,0.0,0,0.0,0.0,48.6,0.0,0,92.1,94.75,Overcast,Cloudy
07/11/2024 09:00:00,07/11/2024,09,0.0,2,0.0,0.0,53.9,0.0,0,40.0,88.14,Partially cloudy,Cloudy
07/11/2024 10:00:00,07/11/2024,10,20.0,5,1.0,1.03,57.5,0.0,0,28.3,75.06,Partially cloudy,Cloudy
07/11/2024 11:00:00,07/11/2024,11,37.5,8,3.0,13.85,60.7,0.0,0,21.9,67.05,Partially cloudy,Cloudy
07/11/2024 12:00:00,07/11/2024,12,0.0,7,0.0,0.0,61.1,0.0,0,88.4,67.61,Partially cloudy,Cloudy
07/11/2024 13:00:00,07/11/2024,13,60.0,10,6.0,60.7,62.5,0.0,0,95.8,66.38,Overcast,Cloudy
07/11/2024 14:00:00,07/11/2024,14,87.5,16,14.0,92.43,59.5,0.0,0,67.5,79.28,Partially cloudy,Cloudy
07/11/2024 15:00:00,07/11/2024,15,20.0,5,1.0,0.27,60.5,0.009,100,88.4,75.48,"Rain, Partially cloudy",Rainy
07/11/2024 16:00:00,07/11/2024,16,0.0,1,0.0,0.0,61.0,0.0,0,14.1,78.68,Clear,Clear
07/11/2024 17:00:00,07/11/2024,17,0.0,0,0.0,0.0,58.1,0.0,0,99.0,87.86,Overcast,Cloudy
07/11/2024 18:00:00,07/11/2024,18,0.0,1,0.0,0.0,56.0,0.0,0,59.1,94.09,Partially cloudy,Cloudy
07/11/2024 19:00:00,07/11/2024,19,0.0,0,0.0,0.0,54.2,0.0,0,100.0,95.94,Overcast,Cloudy
07/11/2024 20:00:00,07/11/2024,20,0.0,0,0.0,0.0,53.0,0.0,0,100.0,97.0,Overcast,Cloudy
07/11/2024 21:00:00,07/11/2024,21,0.0,0,0.0,0.0,52.1,0.021,100,76.7,97.72,"Rain, Partially cloudy",Rainy
07/11/2024 22:00:00,07/11/2024,22,0.0,2,0.0,0.0,52.1,0.0,0,100.0,98.2,Overcast,Cloudy
07/11/2024 23:00:00,07/11/2024,23,0.0,1,0.0,0.0,52.3,0.0,0,100.0,98.11,Overcast,Cloudy
07/12/2024 06:00:00,07/12/2024,06,0.0,0,0.0,0.0,48.5,0.0,0,90.0,98.26,Partially cloudy,Cloudy
07/12/2024 07:00:00,07/12/2024,07,0.0,1,0.0,0.0,48.1,0.0,0,100.0,98.33,Overcast,Cloudy
07/12/2024 08:00:00,07/12/2024,08,0.0,0,0.0,0.0,49.1,0.0,0,100.0,98.85,Overcast,Cloudy
07/12/2024 09:00:00,07/12/2024,09,0.0,0,0.0,0.0,53.3,0.0,0,94.2,97.1,Overcast,Cloudy
07/12/2024 10:00:00,07/12/2024,10,0.0,2,0.0,0.0,56.5,0.0,0,99.0,86.07,Overcast,Cloudy
07/12/2024 11:00:00,07/12/2024,11,0.0,0,0.0,0.0,58.5,0.0,0,100.0,77.85,Overcast,Cloudy
07/12/2024 12:00:00,07/12/2024,12,14.29,7,1.0,0.0,61.0,0.0,0,90.0,70.08,Partially cloudy,Cloudy
07/12/2024 13:00:00,07/12/2024,13,33.33,3,1.0,0.32,61.8,0.0,0,100.0,62.54,Overcast,Cloudy
07/12/2024 14:00:00,07/12/2024,14,40.0,5,2.0,5.02,62.4,0.0,0,100.0,62.73,Overcast,Cloudy
07/12/2024 15:00:00,07/12/2024,15,46.67,15,7.0,34.37,62.0,0.0,0,95.8,61.12,Overcast,Cloudy
07/12/2024 16:00:00,07/12/2024,16,50.0,12,6.0,12.45,61.0,0.0,0,100.0,67.02,Overcast,Cloudy
07/12/2024 17:00:00,07/12/2024,17,0.0,3,0.0,0.0,59.1,0.0,0,100.0,72.09,Overcast,Cloudy
07/12/2024 18:00:00,07/12/2024,18,0.0,2,0.0,0.0,56.7,0.0,0,94.2,76.91,Overcast,Cloudy
07/12/2024 19:00:00,07/12/2024,19,0.0,1,0.0,0.0,55.0,0.0,0,100.0,83.04,Overcast,Cloudy
07/12/2024 20:00:00,07/12/2024,20,0.0,0,0.0,0.0,54.3,0.0,0,100.0,86.57,Overcast,Cloudy
07/12/2024 21:00:00,07/12/2024,21,0.0,2,0.0,0.0,54.4,0.0,0,100.0,84.27,Overcast,Cloudy
07/12/2024 22:00:00,07/12/2024,22,0.0,1,0.0,0.0,54.2,0.0,0,100.0,84.89,Overcast,Cloudy
07/12/2024 23:00:00,07/12/2024,23,0.0,0,0.0,0.0,53.4,0.0,0,100.0,87.21,Overcast,Cloudy
07/13/2024 06:00:00,07/13/2024,06,0.0,0,0.0,0.0,51.3,0.0,0,0.0,88.86,Clear,Clear
07/13/2024 07:00:00,07/13/2024,07,0.0,1,0.0,0.0,51.1,0.0,0,34.7,91.0,Partially cloudy,Cloudy
07/13/2024 08:00:00,07/13/2024,08,0.0,0,0.0,0.0,52.3,0.0,0,0.0,85.64,Clear,Clear
07/13/2024 09:00:00,07/13/2024,09,0.0,0,0.0,0.0,56.4,0.0,0,16.1,75.4,Clear,Clear
07/13/2024 10:00:00,07/13/2024,10,0.0,1,0.0,0.0,60.4,0.0,0,5.0,68.12,Clear,Clear
07/13/2024 11:00:00,07/13/2024,11,0.0,1,0.0,0.0,63.2,0.0,0,11.6,59.81,Clear,Clear
07/13/2024 12:00:00,07/13/2024,12,0.0,1,0.0,0.0,66.0,0.0,0,50.0,51.3,Partially cloudy,Cloudy
07/13/2024 13:00:00,07/13/2024,13,0.0,2,0.0,0.0,65.5,0.0,0,63.6,50.05,Partially cloudy,Cloudy
07/13/2024 14:00:00,07/13/2024,14,0.0,4,0.0,0.0,65.8,0.0,0,5.0,50.8,Clear,Clear
07/13/2024 15:00:00,07/13/2024,15,0.0,1,0.0,0.0,67.0,0.0,0,60.0,47.48,Partially cloudy,Cloudy
07/13/2024 16:00:00,07/13/2024,16,0.0,0,0.0,0.0,66.4,0.0,0,3.2,47.42,Clear,Clear
07/13/2024 17:00:00,07/13/2024,17,0.0,1,0.0,0.0,63.5,0.0,0,4.6,51.43,Clear,Clear
07/13/2024 18:00:00,07/13/2024,18,0.0,7,0.0,0.0,58.1,0.0,0,10.0,64.92,Clear,Clear
07/13/2024 19:00:00,07/13/2024,19,0.0,0,0.0,0.0,54.4,0.0,0,5.0,74.48,Clear,Clear
07/13/2024 20:00:00,07/13/2024,20,0.0,1,0.0,0.0,52.3,0.0,0,4.9,80.98,Clear,Clear
07/13/2024 21:00:00,07/13/2024,21,0.0,0,0.0,0.0,51.1,0.0,0,4.7,83.46,Clear,Clear
07/13/2024 22:00:00,07/13/2024,22,0.0,1,0.0,0.0,50.5,0.0,0,4.1,85.99,Clear,Clear
07/13/2024 23:00:00,07/13/2024,23,0.0,0,0.0,0.0,50.7,0.0,0,0.0,79.63,Clear,Clear
07/14/2024 06:00:00,07/14/2024,06,0.0,0,0.0,0.0,47.0,0.0,0,42.6,86.02,Partially cloudy,Cloudy
07/14/2024 07:00:00,07/14/2024,07,0.0,0,0.0,0.0,48.1,0.0,0,5.0,83.98,Clear,Clear
07/14/2024 08:00:00,07/14/2024,08,0.0,0,0.0,0.0,50.7,0.0,0,100.0,72.27,Overcast,Cloudy
07/14/2024 09:00:00,07/14/2024,09,0.0,0,0.0,0.0,54.7,0.0,0,90.0,65.13,Partially cloudy,Cloudy
07/14/2024 10:00:00,07/14/2024,10,0.0,0,0.0,0.0,56.1,0.0,0,62.2,67.32,Partially cloudy,Cloudy
07/14/2024 11:00:00,07/14/2024,11,0.0,0,0.0,0.0,55.2,0.0,0,98.7,84.22,Overcast,Cloudy
07/14/2024 12:00:00,07/14/2024,12,0.0,0,0.0,0.0,61.6,0.0,0,100.0,58.21,Overcast,Cloudy
07/14/2024 13:00:00,07/14/2024,13,33.33,3,1.0,5.18,59.8,0.0,0,100.0,67.96,Overcast,Cloudy
07/14/2024 14:00:00,07/14/2024,14,0.0,1,0.0,0.0,58.9,0.0,0,12.9,82.81,Clear,Clear
07/14/2024 15:00:00,07/14/2024,15,40.0,5,2.0,3.35,57.8,0.109,100,88.4,82.65,"Rain, Partially cloudy",Rainy
07/14/2024 16:00:00,07/14/2024,16,0.0,0,0.0,0.0,58.6,0.0,0,74.1,82.17,Partially cloudy,Cloudy
07/14/2024 17:00:00,07/14/2024,17,0.0,1,0.0,0.0,57.6,0.0,0,81.8,80.97,Partially cloudy,Cloudy
07/14/2024 18:00:00,07/14/2024,18,0.0,1,0.0,0.0,56.8,0.0,0,88.4,83.31,Partially cloudy,Cloudy
07/14/2024 19:00:00,07/14/2024,19,0.0,0,0.0,0.0,56.0,0.0,0,80.5,81.68,Partially cloudy,Cloudy
07/14/2024 20:00:00,07/14/2024,20,33.33,6,2.0,1.13,54.5,0.0,0,30.0,81.9,Partially cloudy,Cloudy
07/14/2024 21:00:00,07/14/2024,21,0.0,3,0.0,0.0,53.5,0.0,0,22.0,80.34,Partially cloudy,Cloudy
07/14/2024 22:00:00,07/14/2024,22,0.0,0,0.0,0.0,51.0,0.0,0,30.3,89.52,Partially cloudy,Cloudy
07/14/2024 23:00:00,07/14/2024,23,0.0,1,0.0,0.0,50.4,0.0,0,6.6,90.28,Clear,Clear
07/15/2024 06:00:00,07/15/2024,06,0.0,0,0.0,0.0,45.8,0.0,0,10.0,96.06,Clear,Clear
07/15/2024 07:00:00,07/15/2024,07,0.0,0,0.0,0.0,45.1,0.0,0,0.0,95.81,Clear,Clear
07/15/2024 08:00:00,07/15/2024,08,0.0,0,0.0,0.0,46.7,0.0,0,5.0,94.78,Clear,Clear
07/15/2024 09:00:00,07/15/2024,09,66.67,3,2.0,3.53,53.3,0.0,0,10.0,88.39,Clear,Clear
07/15/2024 10:00:00,07/15/2024,10,33.33,9,3.0,7.1,58.2,0.0,0,0.0,71.84,Clear,Clear
07/15/2024 11:00:00,07/15/2024,11,53.33,15,8.0,63.55,62.3,0.0,0,0.0,60.43,Clear,Clear
07/15/2024 12:00:00,07/15/2024,12,0.0,1,0.0,0.0,63.9,0.0,0,0.0,59.6,Clear,Clear
07/15/2024 13:00:00,07/15/2024,13,0.0,2,0.0,0.0,66.1,0.0,0,0.0,54.99,Clear,Clear
07/15/2024 14:00:00,07/15/2024,14,0.0,7,0.0,0.0,67.8,0.0,0,0.0,54.35,Clear,Clear
07/15/2024 15:00:00,07/15/2024,15,28.57,7,2.0,7.37,69.1,0.002,100,0.0,50.31,Rain,Rainy
07/15/2024 16:00:00,07/15/2024,16,0.0,6,0.0,0.0,69.0,0.0,0,0.0,53.21,Clear,Clear
07/15/2024 17:00:00,07/15/2024,17,0.0,3,0.0,0.0,66.1,0.0,0,0.0,55.48,Clear,Clear
07/15/2024 18:00:00,07/15/2024,18,0.0,3,0.0,0.0,60.5,0.0,0,0.0,67.57,Clear,Clear
07/15/2024 19:00:00,07/15/2024,19,0.0,5,0.0,0.0,57.4,0.0,0,0.0,75.21,Clear,Clear
07/15/2024 20:00:00,07/15/2024,20,0.0,2,0.0,0.0,56.2,0.0,0,0.0,78.08,Clear,Clear
07/15/2024 21:00:00,07/15/2024,21,0.0,0,0.0,0.0,55.8,0.0,0,0.0,80.26,Clear,Clear
07/15/2024 22:00:00,07/15/2024,22,0.0,0,0.0,0.0,55.7,0.0,0,0.0,77.75,Clear,Clear
07/15/2024 23:00:00,07/15/2024,23,0.0,0,0.0,0.0,54.7,0.0,0,0.0,79.02,Clear,Clear
07/16/2024 06:00:00,07/16/2024,06,0.0,0,0.0,0.0,48.7,0.0,0,0.1,84.14,Clear,Clear
07/16/2024 07:00:00,07/16/2024,07,0.0,0,0.0,0.0,48.5,0.0,0,3.0,82.82,Clear,Clear
07/16/2024 08:00:00,07/16/2024,08,0.0,0,0.0,0.0,50.8,0.0,0,2.0,81.71,Clear,Clear
07/16/2024 09:00:00,07/16/2024,09,0.0,2,0.0,0.0,58.6,0.0,0,10.0,63.35,Clear,Clear
07/16/2024 10:00:00,07/16/2024,10,0.0,1,0.0,0.0,63.2,0.0,0,0.0,54.32,Clear,Clear
07/16/2024 11:00:00,07/16/2024,11,0.0,3,0.0,0.0,66.8,0.0,0,0.0,48.34,Clear,Clear
07/16/2024 12:00:00,07/16/2024,12,20.0,5,1.0,4.17,69.5,0.0,0,0.0,46.82,Clear,Clear
07/16/2024 13:00:00,07/16/2024,13,33.33,3,1.0,9.42,71.3,0.0,0,0.0,44.83,Clear,Clear
07/16/2024 14:00:00,07/16/2024,14,0.0,7,0.0,0.0,72.1,0.0,0,0.0,41.76,Clear,Clear
07/16/2024 15:00:00,07/16/2024,15,0.0,3,0.0,0.0,72.7,0.0,0,0.0,41.15,Clear,Clear
07/16/2024 16:00:00,07/16/2024,16,33.33,3,1.0,17.42,72.1,0.0,0,0.1,42.33,Clear,Clear
07/16/2024 17:00:00,07/16/2024,17,16.67,6,1.0,0.0,69.0,0.0,0,0.0,47.6,Clear,Clear
07/16/2024 18:00:00,07/16/2024,18,0.0,4,0.0,0.0,64.4,0.0,0,0.0,54.6,Clear,Clear
07/16/2024 19:00:00,07/16/2024,19,0.0,0,0.0,0.0,62.2,0.0,0,0.0,58.93,Clear,Clear
07/16/2024 20:00:00,07/16/2024,20,0.0,1,0.0,0.0,60.1,0.0,0,0.0,62.66,Clear,Clear
07/16/2024 21:00:00,07/16/2024,21,0.0,3,0.0,0.0,58.1,0.0,0,0.0,65.91,Clear,Clear
07/16/2024 22:00:00,07/16/2024,22,0.0,3,0.0,0.0,58.5,0.0,0,0.0,63.95,Clear,Clear
07/16/2024 23:00:00,07/16/2024,23,0.0,0,0.0,0.0,58.4,0.0,0,0.0,62.46,Clear,Clear
07/24/2024 06:00:00,07/24/2024,06,0.0,0,0.0,0.0,41.5,0.0,0,10.0,95.25,Clear,Clear
07/24/2024 07:00:00,07/24/2024,07,0.0,0,0.0,0.0,41.8,0.0,0,63.4,93.08,Partially cloudy,Cloudy
07/24/2024 08:00:00,07/24/2024,08,0.0,0,0.0,0.0,44.2,0.0,0,11.2,92.65,Clear,Clear
07/24/2024 09:00:00,07/24/2024,09,0.0,0,0.0,0.0,49.6,0.0,0,80.0,81.63,Partially cloudy,Cloudy
07/24/2024 10:00:00,07/24/2024,10,0.0,0,0.0,0.0,54.2,0.0,0,100.0,72.78,Overcast,Cloudy
07/24/2024 11:00:00,07/24/2024,11,0.0,9,0.0,0.0,55.9,0.0,0,57.5,73.91,Partially cloudy,Cloudy
07/24/2024 12:00:00,07/24/2024,12,25.0,4,1.0,0.0,57.0,0.0,0,59.3,76.84,Partially cloudy,Cloudy
07/24/2024 13:00:00,07/24/2024,13,30.77,13,4.0,12.03,56.9,0.0,0,35.4,79.36,Partially cloudy,Cloudy
07/24/2024 14:00:00,07/24/2024,14,23.53,17,4.0,62.63,58.6,0.0,0,67.6,79.76,Partially cloudy,Cloudy
07/24/2024 15:00:00,07/24/2024,15,42.86,14,6.0,111.58,57.2,0.067,100,88.4,87.94,"Rain, Partially cloudy",Rainy
07/24/2024 16:00:00,07/24/2024,16,63.16,19,12.0,103.22,58.7,0.0,0,80.1,81.86,Partially cloudy,Cloudy
07/24/2024 17:00:00,07/24/2024,17,59.26,27,16.0,58.2,58.0,0.0,0,97.4,81.21,Overcast,Cloudy
07/24/2024 18:00:00,07/24/2024,18,0.0,2,0.0,0.0,56.7,0.0,0,73.3,81.87,Partially cloudy,Cloudy
07/24/2024 19:00:00,07/24/2024,19,0.0,3,0.0,0.0,56.1,0.0,0,100.0,84.74,Overcast,Cloudy
07/24/2024 20:00:00,07/24/2024,20,25.0,8,2.0,1.05,55.1,0.0,0,100.0,89.86,Overcast,Cloudy
07/24/2024 21:00:00,07/24/2024,21,0.0,4,0.0,0.0,55.4,0.087,100,51.6,87.76,"Rain, Partially cloudy",Rainy
07/24/2024 22:00:00,07/24/2024,22,16.67,6,1.0,7.13,54.5,0.0,0,6.9,90.76,Clear,Clear
07/24/2024 23:00:00,07/24/2024,23,0.0,5,0.0,0.0,55.2,0.0,0,63.1,90.42,Partially cloudy,Cloudy
07/25/2024 06:00:00,07/25/2024,06,0.0,0,0.0,0.0,53.0,0.0,0,72.6,89.23,Partially cloudy,Cloudy
07/25/2024 07:00:00,07/25/2024,07,0.0,1,0.0,0.0,52.9,0.0,0,53.3,95.88,Partially cloudy,Cloudy
07/25/2024 08:00:00,07/25/2024,08,0.0,3,0.0,0.0,55.2,0.0,0,33.2,93.85,Partially cloudy,Cloudy
07/25/2024 09:00:00,07/25/2024,09,57.89,19,11.0,98.28,56.5,0.003,100,94.2,96.63,"Rain, Overcast",Rainy
07/25/2024 10:00:00,07/25/2024,10,80.0,15,12.0,120.25,58.4,0.0,0,12.8,92.55,Clear,Clear
07/25/2024 11:00:00,07/25/2024,11,15.0,20,3.0,20.28,59.0,0.0,0,79.3,88.69,Partially cloudy,Cloudy
07/25/2024 12:00:00,07/25/2024,12,0.0,7,0.0,0.0,61.0,0.0,0,94.2,82.49,Overcast,Cloudy
07/25/2024 13:00:00,07/25/2024,13,42.86,28,12.0,79.48,60.9,0.0,0,38.5,78.79,Partially cloudy,Cloudy
07/25/2024 14:00:00,07/25/2024,14,0.0,4,0.0,0.0,63.3,0.0,0,0.4,68.33,Clear,Clear
07/25/2024 15:00:00,07/25/2024,15,41.67,12,5.0,9.05,64.6,0.06,100,55.1,56.88,"Rain, Partially cloudy",Rainy
07/25/2024 16:00:00,07/25/2024,16,80.0,5,4.0,29.82,61.3,0.0,0,5.7,76.45,Clear,Clear
07/25/2024 17:00:00,07/25/2024,17,0.0,3,0.0,0.0,56.5,0.0,0,26.5,92.92,Partially cloudy,Cloudy
07/25/2024 18:00:00,07/25/2024,18,25.0,4,1.0,0.0,55.6,0.0,0,94.2,95.57,Overcast,Cloudy
07/25/2024 19:00:00,07/25/2024,19,0.0,2,0.0,0.0,55.7,0.0,0,100.0,96.9,Overcast,Cloudy
07/25/2024 20:00:00,07/25/2024,20,0.0,0,0.0,0.0,55.8,0.0,0,100.0,97.6,Overcast,Cloudy
07/25/2024 21:00:00,07/25/2024,21,0.0,0,0.0,0.0,54.8,0.222,100,94.2,98.02,"Rain, Overcast",Rainy
07/25/2024 22:00:00,07/25/2024,22,0.0,2,0.0,0.0,54.8,0.0,0,100.0,98.34,Overcast,Cloudy
07/25/2024 23:00:00,07/25/2024,23,0.0,0,0.0,0.0,54.3,0.0,0,100.0,98.48,Overcast,Cloudy
07/26/2024 06:00:00,07/26/2024,06,0.0,1,0.0,0.0,52.8,0.0,0,94.2,98.72,Overcast,Cloudy
07/26/2024 07:00:00,07/26/2024,07,0.0,0,0.0,0.0,51.4,0.0,0,38.8,98.56,Partially cloudy,Cloudy
07/26/2024 08:00:00,07/26/2024,08,16.67,6,1.0,0.12,52.2,0.0,0,58.9,99.03,Partially cloudy,Cloudy
07/26/2024 09:00:00,07/26/2024,09,0.0,5,0.0,0.0,56.0,0.0,0,10.0,97.73,Clear,Clear
07/26/2024 10:00:00,07/26/2024,10,0.0,7,0.0,0.0,59.5,0.0,0,23.9,87.3,Partially cloudy,Cloudy
07/26/2024 11:00:00,07/26/2024,11,0.0,10,0.0,0.0,62.0,0.0,0,24.8,78.01,Partially cloudy,Cloudy
07/26/2024 12:00:00,07/26/2024,12,0.0,15,0.0,0.0,62.2,0.0,0,88.4,73.98,Partially cloudy,Cloudy
07/26/2024 13:00:00,07/26/2024,13,0.0,8,0.0,0.0,63.9,0.0,0,8.8,67.83,Clear,Clear
07/26/2024 14:00:00,07/26/2024,14,0.0,15,0.0,0.0,65.1,0.0,0,5.0,62.68,Clear,Clear
07/26/2024 15:00:00,07/26/2024,15,0.0,8,0.0,0.0,64.4,0.002,100,27.4,61.52,"Rain, Partially cloudy",Rainy
07/26/2024 16:00:00,07/26/2024,16,0.0,12,0.0,0.0,63.6,0.0,0,10.7,66.32,Clear,Clear
07/26/2024 17:00:00,07/26/2024,17,0.0,4,0.0,0.0,61.2,0.0,0,11.4,76.69,Clear,Clear
07/26/2024 18:00:00,07/26/2024,18,0.0,9,0.0,0.0,58.7,0.0,0,50.0,83.41,Partially cloudy,Cloudy
07/26/2024 19:00:00,07/26/2024,19,0.0,3,0.0,0.0,57.5,0.0,0,52.8,87.33,Partially cloudy,Cloudy
07/26/2024 20:00:00,07/26/2024,20,0.0,2,0.0,0.0,57.4,0.0,0,41.1,87.93,Partially cloudy,Cloudy
07/26/2024 21:00:00,07/26/2024,21,0.0,1,0.0,0.0,57.1,0.033,100,94.2,89.35,"Rain, Overcast",Rainy
07/26/2024 22:00:00,07/26/2024,22,0.0,1,0.0,0.0,56.1,0.0,0,30.2,91.62,Partially cloudy,Cloudy
07/26/2024 23:00:00,07/26/2024,23,0.0,1,0.0,0.0,53.8,0.0,0,44.7,94.21,Partially cloudy,Cloudy
07/27/2024 06:00:00,07/27/2024,06,0.0,0,0.0,0.0,53.0,0.0,0,64.9,98.07,Partially cloudy,Cloudy
07/27/2024 07:00:00,07/27/2024,07,0.0,0,0.0,0.0,52.4,0.0,0,100.0,97.99,Overcast,Cloudy
07/27/2024 08:00:00,07/27/2024,08,0.0,0,0.0,0.0,53.4,0.0,0,10.8,97.93,Clear,Clear
07/27/2024 09:00:00,07/27/2024,09,0.0,0,0.0,0.0,57.6,0.0,0,10.0,88.75,Clear,Clear
07/27/2024 10:00:00,07/27/2024,10,0.0,0,0.0,0.0,61.7,0.0,0,32.1,74.5,Partially cloudy,Cloudy
07/27/2024 11:00:00,07/27/2024,11,0.0,0,0.0,0.0,64.3,0.0,0,5.0,63.13,Clear,Clear
07/27/2024 12:00:00,07/27/2024,12,0.0,1,0.0,0.0,65.6,0.0,0,40.0,55.53,Partially cloudy,Cloudy
07/27/2024 13:00:00,07/27/2024,13,0.0,2,0.0,0.0,66.6,0.0,0,0.30000000000000004,54.31,Clear,Clear
07/27/2024 14:00:00,07/27/2024,14,0.0,2,0.0,0.0,67.0,0.0,0,4.2,53.27,Clear,Clear
07/27/2024 15:00:00,07/27/2024,15,0.0,0,0.0,0.0,66.1,0.0,0,50.7,53.99,Partially cloudy,Cloudy
07/27/2024 16:00:00,07/27/2024,16,0.0,3,0.0,0.0,65.3,0.0,0,22.3,56.29,Partially cloudy,Cloudy
07/27/2024 17:00:00,07/27/2024,17,0.0,6,0.0,0.0,64.2,0.0,0,58.5,60.62,Partially cloudy,Cloudy
07/27/2024 18:00:00,07/27/2024,18,0.0,0,0.0,0.0,62.6,0.0,0,94.2,63.28,Overcast,Cloudy
07/27/2024 19:00:00,07/27/2024,19,0.0,4,0.0,0.0,59.9,0.0,0,2.1,70.08,Clear,Clear
07/27/2024 20:00:00,07/27/2024,20,0.0,3,0.0,0.0,58.3,0.0,0,1.8,73.75,Clear,Clear
07/27/2024 21:00:00,07/27/2024,21,0.0,0,0.0,0.0,57.5,0.0,0,30.0,76.38,Partially cloudy,Cloudy
07/27/2024 22:00:00,07/27/2024,22,0.0,2,0.0,0.0,56.4,0.0,0,100.0,79.7,Overcast,Cloudy
07/27/2024 23:00:00,07/27/2024,23,0.0,1,0.0,0.0,56.8,0.0,0,100.0,79.06,Overcast,Cloudy
07/28/2024 06:00:00,07/28/2024,06,0.0,1,0.0,0.0,55.2,0.0,0,88.4,79.81,Partially cloudy,Cloudy
07/28/2024 07:00:00,07/28/2024,07,0.0,1,0.0,0.0,54.0,0.0,0,27.5,82.55,Partially cloudy,Cloudy
07/28/2024 08:00:00,07/28/2024,08,0.0,0,0.0,0.0,55.0,0.0,0,4.3,85.04,Clear,Clear
07/28/2024 09:00:00,07/28/2024,09,0.0,2,0.0,0.0,58.5,0.017,100,94.2,76.17,"Rain, Overcast",Rainy
07/28/2024 10:00:00,07/28/2024,10,0.0,0,0.0,0.0,57.4,0.0,0,19.7,91.26,Clear,Clear
07/28/2024 11:00:00,07/28/2024,11,0.0,0,0.0,0.0,59.6,0.0,0,98.2,87.91,Overcast,Cloudy
07/28/2024 12:00:00,07/28/2024,12,64.71,17,11.0,13.68,61.6,0.0,0,94.2,89.1,Overcast,Cloudy
07/28/2024 13:00:00,07/28/2024,13,10.0,10,1.0,0.22,66.1,0.0,0,31.4,76.24,Partially cloudy,Cloudy
07/28/2024 14:00:00,07/28/2024,14,0.0,11,0.0,0.0,64.0,0.0,0,2.5,84.53,Clear,Clear
07/28/2024 15:00:00,07/28/2024,15,33.33,6,2.0,0.17,66.1,0.104,100,94.2,74.2,"Rain, Overcast",Rainy
07/28/2024 16:00:00,07/28/2024,16,0.0,3,0.0,0.0,66.6,0.0,0,97.8,68.76,Overcast,Cloudy
07/28/2024 17:00:00,07/28/2024,17,0.0,1,0.0,0.0,66.3,0.0,0,99.9,70.48,Overcast,Cloudy
07/28/2024 18:00:00,07/28/2024,18,0.0,1,0.0,0.0,66.0,0.0,0,94.2,71.89,Overcast,Cloudy
07/28/2024 19:00:00,07/28/2024,19,0.0,1,0.0,0.0,61.2,0.0,0,91.8,90.87,Overcast,Cloudy
07/28/2024 20:00:00,07/28/2024,20,20.0,5,1.0,1.3,60.5,0.0,0,4.2,96.0,Clear,Clear
07/28/2024 21:00:00,07/28/2024,21,0.0,1,0.0,0.0,60.3,0.362,100,69.1,94.68,"Rain, Partially cloudy",Rainy
07/28/2024 22:00:00,07/28/2024,22,0.0,1,0.0,0.0,60.3,0.0,0,4.7,92.41,Clear,Clear
07/28/2024 23:00:00,07/28/2024,23,0.0,0,0.0,0.0,58.3,0.0,0,4.1,90.32,Clear,Clear
07/29/2024 06:00:00,07/29/2024,06,0.0,1,0.0,0.0,57.9,0.0,0,76.7,89.21,Partially cloudy,Cloudy
07/29/2024 07:00:00,07/29/2024,07,0.0,1,0.0,0.0,57.3,0.0,0,100.0,95.22,Overcast,Cloudy
07/29/2024 08:00:00,07/29/2024,08,0.0,1,0.0,0.0,57.9,0.0,0,99.3,97.78,Overcast,Cloudy
07/29/2024 09:00:00,07/29/2024,09,30.0,10,3.0,21.45,60.1,0.0,0,94.2,97.08,Overcast,Cloudy
07/29/2024 10:00:00,07/29/2024,10,0.0,3,0.0,0.0,62.7,0.0,0,52.2,86.31,Partially cloudy,Cloudy
07/29/2024 11:00:00,07/29/2024,11,0.0,3,0.0,0.0,64.9,0.0,0,61.9,73.73,Partially cloudy,Cloudy
07/29/2024 12:00:00,07/29/2024,12,0.0,5,0.0,0.0,66.7,0.0,0,94.2,60.2,Overcast,Cloudy
07/29/2024 13:00:00,07/29/2024,13,0.0,7,0.0,0.0,66.5,0.0,0,100.0,63.45,Overcast,Cloudy
07/29/2024 14:00:00,07/29/2024,14,16.67,6,1.0,1.78,64.9,0.0,0,100.0,67.12,Overcast,Cloudy
07/29/2024 15:00:00,07/29/2024,15,0.0,5,0.0,0.0,64.2,0.006,100,94.2,76.26,"Rain, Overcast",Rainy
07/29/2024 16:00:00,07/29/2024,16,0.0,2,0.0,0.0,64.7,0.0,0,100.0,74.49,Overcast,Cloudy
07/29/2024 17:00:00,07/29/2024,17,0.0,6,0.0,0.0,62.0,0.0,0,68.5,88.81,Partially cloudy,Cloudy
07/29/2024 18:00:00,07/29/2024,18,0.0,1,0.0,0.0,60.8,0.0,0,94.2,93.4,Overcast,Cloudy
07/29/2024 19:00:00,07/29/2024,19,0.0,0,0.0,0.0,60.0,0.0,0,17.1,96.4,Clear,Clear
07/29/2024 20:00:00,07/29/2024,20,0.0,0,0.0,0.0,59.5,0.0,0,33.5,95.24,Partially cloudy,Cloudy
07/29/2024 21:00:00,07/29/2024,21,0.0,1,0.0,0.0,59.4,0.041,100,84.2,94.48,"Rain, Partially cloudy",Rainy
07/29/2024 22:00:00,07/29/2024,22,0.0,1,0.0,0.0,59.2,0.0,0,97.2,92.93,Overcast,Cloudy
07/29/2024 23:00:00,07/29/2024,23,0.0,1,0.0,0.0,59.0,0.0,0,80.8,92.57,Partially cloudy,Cloudy
07/30/2024 06:00:00,07/30/2024,06,0.0,0,0.0,0.0,54.5,0.0,0,39.1,98.99,Partially cloudy,Cloudy
07/30/2024 07:00:00,07/30/2024,07,0.0,1,0.0,0.0,54.2,0.0,0,6.2,98.91,Clear,Clear
07/30/2024 08:00:00,07/30/2024,08,0.0,3,0.0,0.0,56.3,0.0,0,5.0,98.71,Clear,Clear
07/30/2024 09:00:00,07/30/2024,09,20.0,5,1.0,0.0,58.5,0.0,0,73.3,98.22,Partially cloudy,Cloudy
07/30/2024 10:00:00,07/30/2024,10,0.0,6,0.0,0.0,60.3,0.0,0,19.4,97.31,Clear,Clear
07/30/2024 11:00:00,07/30/2024,11,0.0,7,0.0,0.0,64.2,0.0,0,9.0,89.22,Clear,Clear
07/30/2024 12:00:00,07/30/2024,12,0.0,7,0.0,0.0,65.2,0.0,0,88.4,79.08,Partially cloudy,Cloudy
07/30/2024 13:00:00,07/30/2024,13,0.0,4,0.0,0.0,67.2,0.0,0,12.6,76.51,Clear,Clear
07/30/2024 14:00:00,07/30/2024,14,0.0,2,0.0,0.0,67.6,0.0,0,2.4,70.3,Clear,Clear
07/30/2024 15:00:00,07/30/2024,15,0.0,9,0.0,0.0,67.4,0.029,100,94.2,68.08,"Rain, Overcast",Rainy
07/30/2024 16:00:00,07/30/2024,16,0.0,5,0.0,0.0,65.4,0.0,0,0.0,74.93,Clear,Clear
07/30/2024 17:00:00,07/30/2024,17,0.0,2,0.0,0.0,62.9,0.0,0,0.0,82.65,Clear,Clear
07/30/2024 18:00:00,07/30/2024,18,0.0,0,0.0,0.0,62.2,0.0,0,84.2,85.23,Partially cloudy,Cloudy
07/30/2024 19:00:00,07/30/2024,19,0.0,1,0.0,0.0,61.4,0.0,0,0.0,88.92,Clear,Clear
07/30/2024 20:00:00,07/30/2024,20,0.0,1,0.0,0.0,60.6,0.0,0,0.0,92.53,Clear,Clear
07/30/2024 21:00:00,07/30/2024,21,0.0,1,0.0,0.0,59.0,0.045,100,39.1,94.82,"Rain, Partially cloudy",Rainy
07/30/2024 22:00:00,07/30/2024,22,0.0,0,0.0,0.0,57.9,0.0,0,3.3,96.19,Clear,Clear
07/30/2024 23:00:00,07/30/2024,23,0.0,0,0.0,0.0,58.1,0.0,0,16.3,97.41,Clear,Clear
07/31/2024 06:00:00,07/31/2024,06,0.0,0,0.0,0.0,54.1,0.0,0,10.0,98.57,Clear,Clear
07/31/2024 07:00:00,07/31/2024,07,0.0,2,0.0,0.0,53.8,0.0,0,6.9,98.22,Clear,Clear
07/31/2024 08:00:00,07/31/2024,08,0.0,1,0.0,0.0,55.6,0.0,0,2.7,98.42,Clear,Clear
07/31/2024 09:00:00,07/31/2024,09,0.0,5,0.0,0.0,60.9,0.0,0,10.0,86.76,Clear,Clear
07/31/2024 10:00:00,07/31/2024,10,0.0,3,0.0,0.0,64.9,0.0,0,4.1,73.01,Clear,Clear
07/31/2024 11:00:00,07/31/2024,11,12.5,8,1.0,0.63,68.6,0.0,0,6.7,65.85,Clear,Clear
07/31/2024 12:00:00,07/31/2024,12,11.11,9,1.0,0.0,69.8,0.0,0,73.3,65.81,Partially cloudy,Cloudy
07/31/2024 13:00:00,07/31/2024,13,0.0,3,0.0,0.0,71.9,0.0,0,4.7,64.68,Clear,Clear
07/31/2024 14:00:00,07/31/2024,14,0.0,4,0.0,0.0,71.4,0.0,0,0.1,67.69,Clear,Clear
07/31/2024 15:00:00,07/31/2024,15,0.0,4,0.0,0.0,68.2,0.014,100,94.2,75.67,"Rain, Overcast",Rainy
07/31/2024 16:00:00,07/31/2024,16,0.0,15,0.0,0.0,68.7,0.0,0,4.1,72.79,Clear,Clear
07/31/2024 17:00:00,07/31/2024,17,0.0,11,0.0,0.0,68.1,0.0,0,0.0,76.34,Clear,Clear
07/31/2024 18:00:00,07/31/2024,18,0.0,2,0.0,0.0,67.1,0.0,0,94.2,78.7,Overcast,Cloudy
07/31/2024 19:00:00,07/31/2024,19,0.0,5,0.0,0.0,64.9,0.0,0,98.8,91.2,Overcast,Cloudy
07/31/2024 20:00:00,07/31/2024,20,0.0,0,0.0,0.0,59.9,0.0,0,99.7,93.46,Overcast,Cloudy
07/31/2024 21:00:00,07/31/2024,21,0.0,0,0.0,0.0,61.5,0.242,100,100.0,94.87,"Rain, Overcast",Rainy
07/31/2024 22:00:00,07/31/2024,22,0.0,2,0.0,0.0,60.6,0.0,0,100.0,93.05,Overcast,Cloudy
07/31/2024 23:00:00,07/31/2024,23,0.0,1,0.0,0.0,57.8,0.0,0,100.0,91.62,Overcast,Cloudy
08/01/2024 06:00:00,08/01/2024,06,0.0,0,0.0,0.0,55.4,0.0,0,94.2,58.61,Overcast,Cloudy
08/01/2024 07:00:00,08/01/2024,07,25.0,4,1.0,1.35,54.3,0.0,0,89.3,61.55,Partially cloudy,Cloudy
08/01/2024 08:00:00,08/01/2024,08,0.0,3,0.0,0.0,54.6,0.0,0,58.5,70.27,Partially cloudy,Cloudy
08/01/2024 09:00:00,08/01/2024,09,0.0,5,0.0,0.0,56.5,0.0,0,47.7,60.93,Partially cloudy,Cloudy
08/01/2024 10:00:00,08/01/2024,10,0.0,5,0.0,0.0,58.1,0.0,0,39.4,58.61,Partially cloudy,Cloudy
08/01/2024 11:00:00,08/01/2024,11,0.0,6,0.0,0.0,59.7,0.0,0,5.0,54.77,Clear,Clear
08/01/2024 12:00:00,08/01/2024,12,0.0,9,0.0,0.0,60.4,0.0,0,34.2,53.62,Partially cloudy,Cloudy
08/01/2024 13:00:00,08/01/2024,13,0.0,9,0.0,0.0,56.7,0.0,0,13.5,69.52,Clear,Clear
08/01/2024 14:00:00,08/01/2024,14,0.0,4,0.0,0.0,56.2,0.0,0,45.2,70.08,Partially cloudy,Cloudy
08/01/2024 15:00:00,08/01/2024,15,0.0,6,0.0,0.0,56.2,0.015,100,47.7,68.18,"Rain, Partially cloudy",Rainy
08/01/2024 16:00:00,08/01/2024,16,0.0,3,0.0,0.0,56.3,0.0,0,100.0,67.77,Overcast,Cloudy
08/01/2024 17:00:00,08/01/2024,17,0.0,6,0.0,0.0,54.5,0.0,0,100.0,71.34,Overcast,Cloudy
08/01/2024 18:00:00,08/01/2024,18,0.0,2,0.0,0.0,53.1,0.0,0,59.3,76.88,Partially cloudy,Cloudy
08/01/2024 19:00:00,08/01/2024,19,0.0,3,0.0,0.0,51.3,0.0,0,100.0,85.67,Overcast,Cloudy
08/01/2024 20:00:00,08/01/2024,20,0.0,0,0.0,0.0,50.2,0.0,0,98.3,89.47,Overcast,Cloudy
08/01/2024 21:00:00,08/01/2024,21,0.0,1,0.0,0.0,49.9,0.022,100,77.4,91.84,"Rain, Partially cloudy",Rainy
08/01/2024 22:00:00,08/01/2024,22,0.0,3,0.0,0.0,49.1,0.0,0,83.3,91.74,Partially cloudy,Cloudy
08/01/2024 23:00:00,08/01/2024,23,0.0,0,0.0,0.0,48.4,0.0,0,96.2,94.69,Overcast,Cloudy
08/02/2024 06:00:00,08/02/2024,06,0.0,1,0.0,0.0,46.5,0.0,0,94.2,95.21,Overcast,Cloudy
08/02/2024 07:00:00,08/02/2024,07,0.0,2,0.0,0.0,47.3,0.0,0,100.0,95.31,Overcast,Cloudy
08/02/2024 08:00:00,08/02/2024,08,0.0,4,0.0,0.0,48.4,0.0,0,100.0,92.16,Overcast,Cloudy
08/02/2024 09:00:00,08/02/2024,09,0.0,3,0.0,0.0,51.3,0.0,0,94.2,81.43,Overcast,Cloudy
08/02/2024 10:00:00,08/02/2024,10,0.0,7,0.0,0.0,55.9,0.0,0,100.0,67.84,Overcast,Cloudy
08/02/2024 11:00:00,08/02/2024,11,14.29,7,1.0,2.58,58.8,0.0,0,99.8,58.87,Overcast,Cloudy
08/02/2024 12:00:00,08/02/2024,12,0.0,8,0.0,0.0,59.9,0.0,0,94.2,55.44,Overcast,Cloudy
08/02/2024 13:00:00,08/02/2024,13,0.0,15,0.0,0.0,60.4,0.0,0,100.0,54.57,Overcast,Cloudy
08/02/2024 14:00:00,08/02/2024,14,0.0,8,0.0,0.0,60.6,0.0,0,100.0,55.1,Overcast,Cloudy
08/02/2024 15:00:00,08/02/2024,15,0.0,7,0.0,0.0,60.5,0.002,100,94.2,55.79,"Rain, Overcast",Rainy
08/02/2024 16:00:00,08/02/2024,16,0.0,7,0.0,0.0,59.1,0.0,0,97.2,60.08,Overcast,Cloudy
08/02/2024 17:00:00,08/02/2024,17,0.0,5,0.0,0.0,58.3,0.0,0,100.0,62.6,Overcast,Cloudy
08/02/2024 18:00:00,08/02/2024,18,0.0,4,0.0,0.0,55.7,0.0,0,94.2,69.94,Overcast,Cloudy
08/02/2024 19:00:00,08/02/2024,19,0.0,2,0.0,0.0,55.4,0.0,0,100.0,73.3,Overcast,Cloudy
08/02/2024 20:00:00,08/02/2024,20,0.0,1,0.0,0.0,54.1,0.0,0,100.0,76.22,Overcast,Cloudy
08/02/2024 21:00:00,08/02/2024,21,0.0,2,0.0,0.0,53.4,0.0,0,76.7,78.81,Partially cloudy,Cloudy
08/02/2024 22:00:00,08/02/2024,22,0.0,0,0.0,0.0,51.9,0.0,0,38.4,84.0,Partially cloudy,Cloudy
08/02/2024 23:00:00,08/02/2024,23,0.0,1,0.0,0.0,50.4,0.0,0,16.6,88.3,Clear,Clear
08/03/2024 06:00:00,08/03/2024,06,0.0,0,0.0,0.0,42.8,0.0,0,0.30000000000000004,94.28,Clear,Clear
08/03/2024 07:00:00,08/03/2024,07,0.0,0,0.0,0.0,43.9,0.0,0,0.0,90.87,Clear,Clear
08/03/2024 08:00:00,08/03/2024,08,0.0,2,0.0,0.0,47.6,0.0,0,0.0,81.36,Clear,Clear
08/03/2024 09:00:00,08/03/2024,09,0.0,3,0.0,0.0,52.6,0.001,100,0.0,68.79,Rain,Rainy
08/03/2024 10:00:00,08/03/2024,10,0.0,2,0.0,0.0,57.1,0.0,0,0.0,58.77,Clear,Clear
08/03/2024 11:00:00,08/03/2024,11,0.0,1,0.0,0.0,60.6,0.0,0,0.0,51.47,Clear,Clear
08/03/2024 12:00:00,08/03/2024,12,0.0,3,0.0,0.0,62.8,0.0,0,10.0,46.99,Clear,Clear
08/03/2024 13:00:00,08/03/2024,13,0.0,4,0.0,0.0,64.6,0.0,0,0.0,42.07,Clear,Clear
08/03/2024 14:00:00,08/03/2024,14,0.0,6,0.0,0.0,65.1,0.0,0,2.0,39.25,Clear,Clear
08/03/2024 15:00:00,08/03/2024,15,0.0,3,0.0,0.0,64.6,0.0,0,40.0,41.02,Partially cloudy,Cloudy
08/03/2024 16:00:00,08/03/2024,16,50.0,4,2.0,0.0,64.1,0.0,0,5.6,41.8,Clear,Clear
08/03/2024 17:00:00,08/03/2024,17,0.0,6,0.0,0.0,61.5,0.0,0,28.7,46.71,Partially cloudy,Cloudy
08/03/2024 18:00:00,08/03/2024,18,0.0,1,0.0,0.0,56.2,0.0,0,80.0,60.53,Partially cloudy,Cloudy
08/03/2024 19:00:00,08/03/2024,19,0.0,1,0.0,0.0,53.5,0.0,0,100.0,69.63,Overcast,Cloudy
08/03/2024 20:00:00,08/03/2024,20,0.0,3,0.0,0.0,51.4,0.0,0,100.0,76.54,Overcast,Cloudy
08/03/2024 21:00:00,08/03/2024,21,0.0,1,0.0,0.0,49.8,0.0,0,41.6,81.02,Partially cloudy,Cloudy
08/03/2024 22:00:00,08/03/2024,22,0.0,1,0.0,0.0,48.3,0.0,0,100.0,84.63,Overcast,Cloudy
08/03/2024 23:00:00,08/03/2024,23,0.0,0,0.0,0.0,47.3,0.0,0,20.7,87.28,Partially cloudy,Cloudy
08/04/2024 06:00:00,08/04/2024,06,0.0,0,0.0,0.0,41.2,0.0,0,0.0,92.0,Clear,Clear
08/04/2024 07:00:00,08/04/2024,07,0.0,0,0.0,0.0,40.9,0.0,0,0.0,91.55,Clear,Clear
08/04/2024 08:00:00,08/04/2024,08,0.0,1,0.0,0.0,44.5,0.0,0,0.0,89.12,Clear,Clear
08/04/2024 09:00:00,08/04/2024,09,0.0,0,0.0,0.0,51.5,0.0,0,0.0,69.46,Clear,Clear
08/04/2024 10:00:00,08/04/2024,10,25.0,4,1.0,0.3,57.3,0.0,0,5.0,56.74,Clear,Clear
08/04/2024 11:00:00,08/04/2024,11,0.0,7,0.0,0.0,61.2,0.0,0,5.0,47.16,Clear,Clear
08/04/2024 12:00:00,08/04/2024,12,0.0,5,0.0,0.0,63.8,0.0,0,3.6,43.27,Clear,Clear
08/04/2024 13:00:00,08/04/2024,13,0.0,4,0.0,0.0,65.7,0.0,0,0.0,41.32,Clear,Clear
08/04/2024 14:00:00,08/04/2024,14,0.0,3,0.0,0.0,66.0,0.0,0,0.0,41.15,Clear,Clear
08/04/2024 15:00:00,08/04/2024,15,0.0,5,0.0,0.0,65.5,0.0,0,10.0,43.26,Clear,Clear
08/04/2024 16:00:00,08/04/2024,16,0.0,4,0.0,0.0,65.1,0.0,0,5.0,44.32,Clear,Clear
08/04/2024 17:00:00,08/04/2024,17,0.0,4,0.0,0.0,62.4,0.0,0,83.7,51.2,Partially cloudy,Cloudy
08/04/2024 18:00:00,08/04/2024,18,0.0,1,0.0,0.0,57.5,0.0,0,30.0,64.12,Partially cloudy,Cloudy
08/04/2024 19:00:00,08/04/2024,19,0.0,1,0.0,0.0,53.3,0.0,0,18.6,74.16,Clear,Clear
08/04/2024 20:00:00,08/04/2024,20,0.0,2,0.0,0.0,51.1,0.0,0,96.1,78.45,Overcast,Cloudy
08/04/2024 21:00:00,08/04/2024,21,0.0,4,0.0,0.0,49.3,0.0,0,57.3,82.5,Partially cloudy,Cloudy
08/04/2024 22:00:00,08/04/2024,22,0.0,0,0.0,0.0,48.2,0.0,0,100.0,84.75,Overcast,Cloudy
08/04/2024 23:00:00,08/04/2024,23,0.0,1,0.0,0.0,48.0,0.0,0,77.8,87.5,Partially cloudy,Cloudy
08/05/2024 06:00:00,08/05/2024,06,0.0,0,0.0,0.0,45.1,0.0,0,0.0,89.13,Clear,Clear
08/05/2024 07:00:00,08/05/2024,07,0.0,2,0.0,0.0,46.5,0.0,0,0.0,86.87,Clear,Clear
08/05/2024 08:00:00,08/05/2024,08,0.0,2,0.0,0.0,49.8,0.0,0,29.0,81.43,Partially cloudy,Cloudy
08/05/2024 09:00:00,08/05/2024,09,0.0,2,0.0,0.0,54.7,0.0,0,70.9,72.83,Partially cloudy,Cloudy
08/05/2024 10:00:00,08/05/2024,10,0.0,5,0.0,0.0,60.7,0.0,0,3.0,63.52,Clear,Clear
08/05/2024 11:00:00,08/05/2024,11,0.0,5,0.0,0.0,64.5,0.0,0,2.1,56.32,Clear,Clear
08/05/2024 12:00:00,08/05/2024,12,0.0,6,0.0,0.0,66.8,0.0,0,10.0,55.89,Clear,Clear
08/05/2024 13:00:00,08/05/2024,13,0.0,8,0.0,0.0,66.8,0.0,0,5.0,55.89,Clear,Clear
08/05/2024 14:00:00,08/05/2024,14,0.0,4,0.0,0.0,67.8,0.0,0,13.4,55.33,Clear,Clear
08/05/2024 15:00:00,08/05/2024,15,0.0,4,0.0,0.0,67.0,0.0,0,30.0,58.94,Partially cloudy,Cloudy
08/05/2024 16:00:00,08/05/2024,16,0.0,4,0.0,0.0,66.7,0.0,0,5.8,59.65,Clear,Clear
08/05/2024 17:00:00,08/05/2024,17,0.0,5,0.0,0.0,64.8,0.0,0,5.0,59.59,Clear,Clear
08/05/2024 18:00:00,08/05/2024,18,0.0,3,0.0,0.0,62.2,0.0,0,10.0,64.31,Clear,Clear
08/05/2024 19:00:00,08/05/2024,19,0.0,5,0.0,0.0,59.0,0.0,0,4.9,70.31,Clear,Clear
08/05/2024 20:00:00,08/05/2024,20,0.0,2,0.0,0.0,56.1,0.0,0,0.0,75.96,Clear,Clear
08/05/2024 21:00:00,08/05/2024,21,0.0,0,0.0,0.0,55.1,0.0,0,0.0,81.14,Clear,Clear
08/05/2024 22:00:00,08/05/2024,22,0.0,1,0.0,0.0,54.8,0.0,0,1.5,79.58,Clear,Clear
08/05/2024 23:00:00,08/05/2024,23,0.0,0,0.0,0.0,53.8,0.0,0,21.2,82.09,Partially cloudy,Cloudy
08/06/2024 06:00:00,08/06/2024,06,0.0,1,0.0,0.0,51.7,0.0,0,43.5,86.82,Partially cloudy,Cloudy
08/06/2024 07:00:00,08/06/2024,07,0.0,1,0.0,0.0,51.4,0.0,0,95.2,86.89,Overcast,Cloudy
08/06/2024 08:00:00,08/06/2024,08,0.0,2,0.0,0.0,54.6,0.0,0,93.4,82.29,Overcast,Cloudy
08/06/2024 09:00:00,08/06/2024,09,0.0,5,0.0,0.0,59.6,0.0,0,40.0,73.1,Partially cloudy,Cloudy
08/06/2024 10:00:00,08/06/2024,10,0.0,4,0.0,0.0,62.8,0.0,0,99.0,67.97,Overcast,Cloudy
08/06/2024 11:00:00,08/06/2024,11,0.0,4,0.0,0.0,65.6,0.0,0,100.0,63.66,Overcast,Cloudy
08/06/2024 12:00:00,08/06/2024,12,0.0,9,0.0,0.0,67.4,0.0,0,94.2,61.35,Overcast,Cloudy
08/06/2024 13:00:00,08/06/2024,13,0.0,10,0.0,0.0,68.4,0.0,0,100.0,62.6,Overcast,Cloudy
08/06/2024 14:00:00,08/06/2024,14,0.0,6,0.0,0.0,68.0,0.0,0,97.6,67.77,Overcast,Cloudy
08/06/2024 15:00:00,08/06/2024,15,0.0,8,0.0,0.0,67.9,0.0,0,94.2,70.66,Overcast,Cloudy
08/06/2024 16:00:00,08/06/2024,16,0.0,5,0.0,0.0,66.7,0.0,0,57.9,72.59,Partially cloudy,Cloudy
08/06/2024 17:00:00,08/06/2024,17,0.0,4,0.0,0.0,66.2,0.0,0,100.0,73.97,Overcast,Cloudy
08/06/2024 18:00:00,08/06/2024,18,0.0,2,0.0,0.0,65.1,0.0,0,94.2,80.95,Overcast,Cloudy
08/06/2024 19:00:00,08/06/2024,19,0.0,1,0.0,0.0,64.6,0.0,0,93.3,82.58,Overcast,Cloudy
08/06/2024 20:00:00,08/06/2024,20,0.0,0,0.0,0.0,63.4,0.0,0,100.0,88.34,Overcast,Cloudy
08/06/2024 21:00:00,08/06/2024,21,0.0,4,0.0,0.0,63.2,0.026,100,94.2,90.26,"Rain, Overcast",Rainy
08/06/2024 22:00:00,08/06/2024,22,0.0,0,0.0,0.0,63.0,0.0,0,100.0,91.8,Overcast,Cloudy
08/06/2024 23:00:00,08/06/2024,23,0.0,4,0.0,0.0,63.4,0.0,0,100.0,94.04,Overcast,Cloudy
