hour,date,hourly_people,hourly_dwelling_people,total_hourly_dwell_time,average_hourly_dwell_time,timestamp,temperature,precipiation_amount,precipitation_chance,percent_cloud_cover,percent_humidity,conditions,conditions_2
2024-07-08T08,2024-07-08,1.0,0.0,0.0,0.0,2024-07-08 08:00:00,,,,,,,
2024-07-08T09,2024-07-08,12.0,8.0,1.0833333333333333,0.0833333333333333,2024-07-08 09:00:00,,,,,,,
2024-07-08T10,2024-07-08,9.0,4.0,4.1,0.45,2024-07-08 10:00:00,,,,,,,
2024-07-08T11,2024-07-08,2.0,0.0,0.0,0.0,2024-07-08 11:00:00,,,,,,,
2024-07-08T12,2024-07-08,11.0,3.0,0.1166666666666666,0.0,2024-07-08 12:00:00,,,,,,,
2024-07-08T13,2024-07-08,12.0,8.0,1.15,0.0833333333333333,2024-07-08 13:00:00,,,,,,,
2024-07-08T14,2024-07-08,6.0,3.0,0.0,0.0,2024-07-08 14:00:00,,,,,,,
2024-07-08T15,2024-07-08,4.0,0.0,0.0,0.0,2024-07-08 15:00:00,,,,,,,
2024-07-08T16,2024-07-08,13.0,9.0,32.65,2.5,2024-07-08 16:00:00,,,,,,,
2024-07-08T17,2024-07-08,5.0,2.0,0.35,0.0666666666666666,2024-07-08 17:00:00,,,,,,,
2024-07-08T18,2024-07-08,3.0,1.0,0.4333333333333333,0.1333333333333333,2024-07-08 18:00:00,,,,,,,
2024-07-08T19,2024-07-08,2.0,0.0,0.0,0.0,2024-07-08 19:00:00,,,,,,,
2024-07-08T20,2024-07-08,5.0,1.0,0.3,0.05,2024-07-08 20:00:00,,,,,,,
2024-07-08T21,2024-07-08,0.0,0.0,0.0,0.0,2024-07-08 21:00:00,,,,,,,
2024-07-08T22,2024-07-08,1.0,0.0,0.0,0.0,2024-07-08 22:00:00,,,,,,,
2024-07-08T23,2024-07-08,0.0,0.0,0.0,0.0,2024-07-08 23:00:00,,,,,,,
2024-07-09T00,2024-07-09,0.0,0.0,0.0,0.0,2024-07-09 00:00:00,,,,,,,
2024-07-09T01,2024-07-09,0.0,0.0,0.0,0.0,2024-07-09 01:00:00,,,,,,,
2024-07-09T02,2024-07-09,0.0,0.0,0.0,0.0,2024-07-09 02:00:00,,,,,,,
2024-07-09T03,2024-07-09,0.0,0.0,0.0,0.0,2024-07-09 03:00:00,,,,,,,
2024-07-09T04,2024-07-09,0.0,0.0,0.0,0.0,2024-07-09 04:00:00,,,,,,,
2024-07-09T05,2024-07-09,0.0,0.0,0.0,0.0,2024-07-09 05:00:00,,,,,,,
2024-07-09T06,2024-07-09,0.0,0.0,0.0,0.0,2024-07-09 06:00:00,,,,,,,
2024-07-09T07,2024-07-09,2.0,0.0,0.0,0.0,2024-07-09 07:00:00,,,,,,,
2024-07-09T08,2024-07-09,0.0,0.0,0.0,0.0,2024-07-09 08:00:00,,,,,,,
2024-07-09T09,2024-07-09,11.0,8.0,18.55,1.6833333333333331,2024-07-09 09:00:00,,,,,,,
2024-07-09T10,2024-07-09,6.0,0.0,0.0,0.0,2024-07-09 10:00:00,,,,,,,
2024-07-09T11,2024-07-09,0.0,0.0,0.0,0.0,2024-07-09 11:00:00,,,,,,,
2024-07-09T12,2024-07-09,0.0,0.0,0.0,0.0,2024-07-09 12:00:00,,,,,,,
2024-07-09T13,2024-07-09,0.0,0.0,0.0,0.0,2024-07-09 13:00:00,,,,,,,
2024-07-09T14,2024-07-09,0.0,0.0,0.0,0.0,2024-07-09 14:00:00,,,,,,,
2024-07-09T15,2024-07-09,0.0,0.0,0.0,0.0,2024-07-09 15:00:00,,,,,,,
2024-07-09T16,2024-07-09,0.0,0.0,0.0,0.0,2024-07-09 16:00:00,,,,,,,
2024-07-09T17,2024-07-09,0.0,0.0,0.0,0.0,2024-07-09 17:00:00,,,,,,,
2024-07-09T18,2024-07-09,0.0,0.0,0.0,0.0,2024-07-09 18:00:00,,,,,,,
2024-07-09T19,2024-07-09,2.0,0.0,0.0,0.0,2024-07-09 19:00:00,,,,,,,
2024-07-09T20,2024-07-09,1.0,0.0,0.0,0.0,2024-07-09 20:00:00,,,,,,,
2024-07-09T21,2024-07-09,0.0,0.0,0.0,0.0,2024-07-09 21:00:00,,,,,,,
2024-07-09T22,2024-07-09,1.0,0.0,0.0,0.0,2024-07-09 22:00:00,,,,,,,
2024-07-09T23,2024-07-09,0.0,0.0,0.0,0.0,2024-07-09 23:00:00,,,,,,,
2024-07-10T00,2024-07-10,0.0,0.0,0.0,0.0,2024-07-10 00:00:00,59.9,0.0,0.0,95.7,93.88,Overcast,Cloudy
2024-07-10T01,2024-07-10,0.0,0.0,0.0,0.0,2024-07-10 01:00:00,60.1,0.0,0.0,99.1,97.17,Overcast,Cloudy
2024-07-10T02,2024-07-10,0.0,0.0,0.0,0.0,2024-07-10 02:00:00,59.6,0.0,0.0,100.0,97.19,Overcast,Cloudy
2024-07-10T03,2024-07-10,0.0,0.0,0.0,0.0,2024-07-10 03:00:00,59.1,0.296,100.0,100.0,96.3,"Rain, Overcast",Rainy
2024-07-10T04,2024-07-10,0.0,0.0,0.0,0.0,2024-07-10 04:00:00,59.0,0.0,0.0,96.8,97.26,Overcast,Cloudy
2024-07-10T05,2024-07-10,0.0,0.0,0.0,0.0,2024-07-10 05:00:00,58.9,0.0,0.0,100.0,97.15,Overcast,Cloudy
2024-07-10T06,2024-07-10,0.0,0.0,0.0,0.0,2024-07-10 06:00:00,58.5,0.0,0.0,95.8,96.92,Overcast,Cloudy
2024-07-10T07,2024-07-10,0.0,0.0,0.0,0.0,2024-07-10 07:00:00,58.2,0.0,0.0,49.2,95.65,Partially cloudy,Cloudy
2024-07-10T08,2024-07-10,0.0,0.0,0.0,0.0,2024-07-10 08:00:00,59.3,0.0,0.0,100.0,88.83,Overcast,Cloudy
2024-07-10T09,2024-07-10,0.0,0.0,0.0,0.0,2024-07-10 09:00:00,60.3,0.213,100.0,94.2,73.25,"Rain, Overcast",Rainy
2024-07-10T10,2024-07-10,0.0,0.0,0.0,0.0,2024-07-10 10:00:00,61.1,0.0,0.0,100.0,63.52,Overcast,Cloudy
2024-07-10T11,2024-07-10,2.0,1.0,26.566666666666663,13.283333333333331,2024-07-10 11:00:00,61.6,0.0,0.0,81.9,66.09,Partially cloudy,Cloudy
2024-07-10T12,2024-07-10,10.0,6.0,68.46666666666667,6.833333333333333,2024-07-10 12:00:00,63.3,0.0,0.0,94.2,58.89,Overcast,Cloudy
2024-07-10T13,2024-07-10,16.0,12.0,143.68333333333334,8.966666666666667,2024-07-10 13:00:00,60.9,0.0,0.0,4.9,70.19,Clear,Clear
2024-07-10T14,2024-07-10,8.0,8.0,97.45,12.166666666666666,2024-07-10 14:00:00,62.8,0.0,0.0,11.1,55.8,Clear,Clear
2024-07-10T15,2024-07-10,4.0,0.0,0.0,0.0,2024-07-10 15:00:00,61.7,0.039,100.0,39.1,56.78,"Rain, Partially cloudy",Rainy
2024-07-10T16,2024-07-10,16.0,12.0,126.71666666666668,7.916666666666667,2024-07-10 16:00:00,61.5,0.0,0.0,32.2,54.81,Partially cloudy,Cloudy
2024-07-10T17,2024-07-10,23.0,17.0,78.65,3.4166666666666665,2024-07-10 17:00:00,60.2,0.0,0.0,100.0,60.77,Overcast,Cloudy
2024-07-10T18,2024-07-10,8.0,2.0,0.95,0.1166666666666666,2024-07-10 18:00:00,58.1,0.0,0.0,62.6,65.57,Partially cloudy,Cloudy
2024-07-10T19,2024-07-10,1.0,0.0,0.0,0.0,2024-07-10 19:00:00,57.5,0.0,0.0,37.1,69.63,Partially cloudy,Cloudy
2024-07-10T20,2024-07-10,0.0,0.0,0.0,0.0,2024-07-10 20:00:00,55.5,0.0,0.0,48.0,77.06,Partially cloudy,Cloudy
2024-07-10T21,2024-07-10,3.0,0.0,0.0,0.0,2024-07-10 21:00:00,52.4,0.015,100.0,27.4,88.63,"Rain, Partially cloudy",Rainy
2024-07-10T22,2024-07-10,2.0,0.0,0.0,0.0,2024-07-10 22:00:00,50.8,0.0,0.0,99.2,92.3,Overcast,Cloudy
2024-07-10T23,2024-07-10,0.0,0.0,0.0,0.0,2024-07-10 23:00:00,50.4,0.0,0.0,99.5,94.04,Overcast,Cloudy
2024-07-11T00,2024-07-11,1.0,0.0,0.0,0.0,2024-07-11 00:00:00,50.1,0.0,0.0,50.0,95.97,Partially cloudy,Cloudy
2024-07-11T01,2024-07-11,1.0,0.0,0.0,0.0,2024-07-11 01:00:00,49.4,0.0,0.0,76.3,96.94,Partially cloudy,Cloudy
2024-07-11T02,2024-07-11,2.0,0.0,0.0,0.0,2024-07-11 02:00:00,48.9,0.0,0.0,83.7,97.69,Partially cloudy,Cloudy
2024-07-11T03,2024-07-11,1.0,0.0,0.0,0.0,2024-07-11 03:00:00,49.3,0.002,100.0,66.7,97.0,"Rain, Partially cloudy",Rainy
2024-07-11T04,2024-07-11,1.0,0.0,0.0,0.0,2024-07-11 04:00:00,47.7,0.0,0.0,71.2,94.77,Partially cloudy,Cloudy
2024-07-11T05,2024-07-11,3.0,0.0,0.0,0.0,2024-07-11 05:00:00,48.1,0.0,0.0,75.0,92.76,Partially cloudy,Cloudy
2024-07-11T06,2024-07-11,3.0,0.0,0.0,0.0,2024-07-11 06:00:00,48.3,0.0,0.0,88.6,89.53,Partially cloudy,Cloudy
2024-07-11T07,2024-07-11,2.0,0.0,0.0,0.0,2024-07-11 07:00:00,48.3,0.0,0.0,92.1,93.62,Overcast,Cloudy
2024-07-11T08,2024-07-11,0.0,0.0,0.0,0.0,2024-07-11 08:00:00,48.6,0.0,0.0,92.1,94.75,Overcast,Cloudy
2024-07-11T09,2024-07-11,2.0,0.0,0.0,0.0,2024-07-11 09:00:00,53.9,0.0,0.0,40.0,88.14,Partially cloudy,Cloudy
2024-07-11T10,2024-07-11,5.0,1.0,1.0333333333333334,0.2,2024-07-11 10:00:00,57.5,0.0,0.0,28.3,75.06,Partially cloudy,Cloudy
2024-07-11T11,2024-07-11,8.0,3.0,12.033333333333331,1.5,2024-07-11 11:00:00,60.7,0.0,0.0,21.9,67.05,Partially cloudy,Cloudy
2024-07-11T12,2024-07-11,7.0,0.0,0.0,0.0,2024-07-11 12:00:00,61.1,0.0,0.0,88.4,67.61,Partially cloudy,Cloudy
2024-07-11T13,2024-07-11,9.0,6.0,60.96666666666667,6.766666666666667,2024-07-11 13:00:00,62.5,0.0,0.0,95.8,66.38,Overcast,Cloudy
2024-07-11T14,2024-07-11,15.0,12.0,88.81666666666666,5.916666666666667,2024-07-11 14:00:00,59.5,0.0,0.0,67.5,79.28,Partially cloudy,Cloudy
2024-07-11T15,2024-07-11,5.0,2.0,1.0833333333333333,0.2166666666666666,2024-07-11 15:00:00,60.5,0.009000000000000001,100.0,88.4,75.48,"Rain, Partially cloudy",Rainy
2024-07-11T16,2024-07-11,1.0,0.0,0.0,0.0,2024-07-11 16:00:00,61.0,0.0,0.0,14.1,78.68,Clear,Clear
2024-07-11T17,2024-07-11,0.0,0.0,0.0,0.0,2024-07-11 17:00:00,58.1,0.0,0.0,99.0,87.86,Overcast,Cloudy
2024-07-11T18,2024-07-11,1.0,0.0,0.0,0.0,2024-07-11 18:00:00,56.0,0.0,0.0,59.1,94.09,Partially cloudy,Cloudy
2024-07-11T19,2024-07-11,0.0,0.0,0.0,0.0,2024-07-11 19:00:00,54.2,0.0,0.0,100.0,95.94,Overcast,Cloudy
2024-07-11T20,2024-07-11,0.0,0.0,0.0,0.0,2024-07-11 20:00:00,53.0,0.0,0.0,100.0,97.0,Overcast,Cloudy
2024-07-11T21,2024-07-11,0.0,0.0,0.0,0.0,2024-07-11 21:00:00,52.1,0.021,100.0,76.7,97.72,"Rain, Partially cloudy",Rainy
2024-07-11T22,2024-07-11,2.0,0.0,0.0,0.0,2024-07-11 22:00:00,52.1,0.0,0.0,100.0,98.2,Overcast,Cloudy
2024-07-11T23,2024-07-11,1.0,0.0,0.0,0.0,2024-07-11 23:00:00,52.3,0.0,0.0,100.0,98.11,Overcast,Cloudy
2024-07-12T00,2024-07-12,1.0,0.0,0.0,0.0,2024-07-12 00:00:00,52.4,0.0,0.0,48.4,98.33,Partially cloudy,Cloudy
2024-07-12T01,2024-07-12,0.0,0.0,0.0,0.0,2024-07-12 01:00:00,51.2,0.0,0.0,98.9,98.46,Overcast,Cloudy
2024-07-12T02,2024-07-12,0.0,0.0,0.0,0.0,2024-07-12 02:00:00,51.2,0.0,0.0,100.0,98.48,Overcast,Cloudy
2024-07-12T03,2024-07-12,0.0,0.0,0.0,0.0,2024-07-12 03:00:00,50.7,0.001,100.0,76.7,98.34,"Rain, Partially cloudy",Rainy
2024-07-12T04,2024-07-12,0.0,0.0,0.0,0.0,2024-07-12 04:00:00,49.4,0.0,0.0,100.0,98.53,Overcast,Cloudy
2024-07-12T05,2024-07-12,0.0,0.0,0.0,0.0,2024-07-12 05:00:00,49.0,0.0,0.0,100.0,98.9,Overcast,Cloudy
2024-07-12T06,2024-07-12,0.0,0.0,0.0,0.0,2024-07-12 06:00:00,48.5,0.0,0.0,90.0,98.26,Partially cloudy,Cloudy
2024-07-12T07,2024-07-12,1.0,0.0,0.0,0.0,2024-07-12 07:00:00,48.1,0.0,0.0,100.0,98.33,Overcast,Cloudy
2024-07-12T08,2024-07-12,0.0,0.0,0.0,0.0,2024-07-12 08:00:00,49.1,0.0,0.0,100.0,98.85,Overcast,Cloudy
2024-07-12T09,2024-07-12,0.0,0.0,0.0,0.0,2024-07-12 09:00:00,53.3,0.0,0.0,94.2,97.1,Overcast,Cloudy
2024-07-12T10,2024-07-12,2.0,0.0,0.0,0.0,2024-07-12 10:00:00,56.5,0.0,0.0,99.0,86.07,Overcast,Cloudy
2024-07-12T11,2024-07-12,0.0,0.0,0.0,0.0,2024-07-12 11:00:00,58.5,0.0,0.0,100.0,77.85,Overcast,Cloudy
2024-07-12T12,2024-07-12,7.0,2.0,3.7666666666666666,0.5333333333333333,2024-07-12 12:00:00,61.0,0.0,0.0,90.0,70.08,Partially cloudy,Cloudy
2024-07-12T13,2024-07-12,3.0,1.0,0.3166666666666666,0.1,2024-07-12 13:00:00,61.8,0.0,0.0,100.0,62.54,Overcast,Cloudy
2024-07-12T14,2024-07-12,5.0,2.0,5.016666666666667,1.0,2024-07-12 14:00:00,62.4,0.0,0.0,100.0,62.73,Overcast,Cloudy
2024-07-12T15,2024-07-12,15.0,10.0,47.7,3.1666666666666665,2024-07-12 15:00:00,62.0,0.0,0.0,95.8,61.12,Overcast,Cloudy
2024-07-12T16,2024-07-12,11.0,7.0,41.11666666666667,3.733333333333333,2024-07-12 16:00:00,61.0,0.0,0.0,100.0,67.02,Overcast,Cloudy
2024-07-12T17,2024-07-12,3.0,0.0,0.0,0.0,2024-07-12 17:00:00,59.1,0.0,0.0,100.0,72.09,Overcast,Cloudy
2024-07-12T18,2024-07-12,2.0,0.0,0.0,0.0,2024-07-12 18:00:00,56.7,0.0,0.0,94.2,76.91,Overcast,Cloudy
2024-07-12T19,2024-07-12,1.0,0.0,0.0,0.0,2024-07-12 19:00:00,55.0,0.0,0.0,100.0,83.04,Overcast,Cloudy
2024-07-12T20,2024-07-12,0.0,0.0,0.0,0.0,2024-07-12 20:00:00,54.3,0.0,0.0,100.0,86.57,Overcast,Cloudy
2024-07-12T21,2024-07-12,2.0,1.0,0.0,0.0,2024-07-12 21:00:00,54.4,0.0,0.0,100.0,84.27,Overcast,Cloudy
2024-07-12T22,2024-07-12,1.0,0.0,0.0,0.0,2024-07-12 22:00:00,54.2,0.0,0.0,100.0,84.89,Overcast,Cloudy
2024-07-12T23,2024-07-12,0.0,0.0,0.0,0.0,2024-07-12 23:00:00,53.4,0.0,0.0,100.0,87.21,Overcast,Cloudy
2024-07-13T00,2024-07-13,0.0,0.0,0.0,0.0,2024-07-13 00:00:00,53.5,0.0,0.0,94.2,86.75,Overcast,Cloudy
2024-07-13T01,2024-07-13,0.0,0.0,0.0,0.0,2024-07-13 01:00:00,52.9,0.0,0.0,84.7,88.13,Partially cloudy,Cloudy
2024-07-13T02,2024-07-13,0.0,0.0,0.0,0.0,2024-07-13 02:00:00,52.2,0.0,0.0,95.2,89.94,Overcast,Cloudy
2024-07-13T03,2024-07-13,0.0,0.0,0.0,0.0,2024-07-13 03:00:00,51.2,0.0,0.0,0.0,89.33,Clear,Clear
2024-07-13T04,2024-07-13,0.0,0.0,0.0,0.0,2024-07-13 04:00:00,51.2,0.0,0.0,0.0,89.33,Clear,Clear
2024-07-13T05,2024-07-13,0.0,0.0,0.0,0.0,2024-07-13 05:00:00,51.2,0.0,0.0,0.0,85.88,Clear,Clear
2024-07-13T06,2024-07-13,0.0,0.0,0.0,0.0,2024-07-13 06:00:00,51.3,0.0,0.0,0.0,88.86,Clear,Clear
2024-07-13T07,2024-07-13,1.0,0.0,0.0,0.0,2024-07-13 07:00:00,51.1,0.0,0.0,34.7,91.0,Partially cloudy,Cloudy
2024-07-13T08,2024-07-13,0.0,0.0,0.0,0.0,2024-07-13 08:00:00,52.3,0.0,0.0,0.0,85.64,Clear,Clear
2024-07-13T09,2024-07-13,0.0,0.0,0.0,0.0,2024-07-13 09:00:00,56.4,0.0,0.0,16.1,75.4,Clear,Clear
2024-07-13T10,2024-07-13,1.0,0.0,0.0,0.0,2024-07-13 10:00:00,60.4,0.0,0.0,5.0,68.12,Clear,Clear
2024-07-13T11,2024-07-13,1.0,0.0,0.0,0.0,2024-07-13 11:00:00,63.2,0.0,0.0,11.6,59.81,Clear,Clear
2024-07-13T12,2024-07-13,1.0,0.0,0.0,0.0,2024-07-13 12:00:00,66.0,0.0,0.0,50.0,51.3,Partially cloudy,Cloudy
2024-07-13T13,2024-07-13,2.0,0.0,0.0,0.0,2024-07-13 13:00:00,65.5,0.0,0.0,63.6,50.05,Partially cloudy,Cloudy
2024-07-13T14,2024-07-13,4.0,0.0,0.0,0.0,2024-07-13 14:00:00,65.8,0.0,0.0,5.0,50.8,Clear,Clear
2024-07-13T15,2024-07-13,1.0,0.0,0.0,0.0,2024-07-13 15:00:00,67.0,0.0,0.0,60.0,47.48,Partially cloudy,Cloudy
2024-07-13T16,2024-07-13,0.0,0.0,0.0,0.0,2024-07-13 16:00:00,66.4,0.0,0.0,3.2,47.42,Clear,Clear
2024-07-13T17,2024-07-13,1.0,0.0,0.0,0.0,2024-07-13 17:00:00,63.5,0.0,0.0,4.6,51.43,Clear,Clear
2024-07-13T18,2024-07-13,7.0,0.0,0.0,0.0,2024-07-13 18:00:00,58.1,0.0,0.0,10.0,64.92,Clear,Clear
2024-07-13T19,2024-07-13,0.0,0.0,0.0,0.0,2024-07-13 19:00:00,54.4,0.0,0.0,5.0,74.48,Clear,Clear
2024-07-13T20,2024-07-13,1.0,0.0,0.0,0.0,2024-07-13 20:00:00,52.3,0.0,0.0,4.9,80.98,Clear,Clear
2024-07-13T21,2024-07-13,0.0,0.0,0.0,0.0,2024-07-13 21:00:00,51.1,0.0,0.0,4.7,83.46,Clear,Clear
2024-07-13T22,2024-07-13,1.0,0.0,0.0,0.0,2024-07-13 22:00:00,50.5,0.0,0.0,4.1,85.99,Clear,Clear
2024-07-13T23,2024-07-13,0.0,0.0,0.0,0.0,2024-07-13 23:00:00,50.7,0.0,0.0,0.0,79.63,Clear,Clear
2024-07-14T00,2024-07-14,1.0,0.0,0.0,0.0,2024-07-14 00:00:00,48.3,0.0,0.0,0.4,89.47,Clear,Clear
2024-07-14T01,2024-07-14,0.0,0.0,0.0,0.0,2024-07-14 01:00:00,47.4,0.0,0.0,2.9,90.25,Clear,Clear
2024-07-14T02,2024-07-14,0.0,0.0,0.0,0.0,2024-07-14 02:00:00,47.2,0.0,0.0,7.1,90.21,Clear,Clear
2024-07-14T03,2024-07-14,0.0,0.0,0.0,0.0,2024-07-14 03:00:00,49.1,0.0,0.0,80.0,88.3,Partially cloudy,Cloudy
2024-07-14T04,2024-07-14,0.0,0.0,0.0,0.0,2024-07-14 04:00:00,49.9,0.0,0.0,27.5,76.17,Partially cloudy,Cloudy
2024-07-14T05,2024-07-14,0.0,0.0,0.0,0.0,2024-07-14 05:00:00,47.8,0.0,0.0,5.0,83.14,Clear,Clear
2024-07-14T06,2024-07-14,0.0,0.0,0.0,0.0,2024-07-14 06:00:00,47.0,0.0,0.0,42.6,86.02,Partially cloudy,Cloudy
2024-07-14T07,2024-07-14,0.0,0.0,0.0,0.0,2024-07-14 07:00:00,48.1,0.0,0.0,5.0,83.98,Clear,Clear
2024-07-14T08,2024-07-14,0.0,0.0,0.0,0.0,2024-07-14 08:00:00,50.7,0.0,0.0,100.0,72.27,Overcast,Cloudy
2024-07-14T09,2024-07-14,0.0,0.0,0.0,0.0,2024-07-14 09:00:00,54.7,0.0,0.0,90.0,65.13,Partially cloudy,Cloudy
2024-07-14T10,2024-07-14,0.0,0.0,0.0,0.0,2024-07-14 10:00:00,56.1,0.0,0.0,62.2,67.32,Partially cloudy,Cloudy
2024-07-14T11,2024-07-14,0.0,0.0,0.0,0.0,2024-07-14 11:00:00,55.2,0.0,0.0,98.7,84.22,Overcast,Cloudy
2024-07-14T12,2024-07-14,0.0,0.0,0.0,0.0,2024-07-14 12:00:00,61.6,0.0,0.0,100.0,58.21,Overcast,Cloudy
2024-07-14T13,2024-07-14,3.0,1.0,5.183333333333334,1.7166666666666666,2024-07-14 13:00:00,59.8,0.0,0.0,100.0,67.96,Overcast,Cloudy
2024-07-14T14,2024-07-14,1.0,0.0,0.0,0.0,2024-07-14 14:00:00,58.9,0.0,0.0,12.9,82.81,Clear,Clear
2024-07-14T15,2024-07-14,5.0,3.0,5.6,1.1166666666666667,2024-07-14 15:00:00,57.8,0.109,100.0,88.4,82.65,"Rain, Partially cloudy",Rainy
2024-07-14T16,2024-07-14,0.0,0.0,0.0,0.0,2024-07-14 16:00:00,58.6,0.0,0.0,74.1,82.17,Partially cloudy,Cloudy
2024-07-14T17,2024-07-14,1.0,0.0,0.0,0.0,2024-07-14 17:00:00,57.6,0.0,0.0,81.8,80.97,Partially cloudy,Cloudy
2024-07-14T18,2024-07-14,1.0,0.0,0.0,0.0,2024-07-14 18:00:00,56.8,0.0,0.0,88.4,83.31,Partially cloudy,Cloudy
2024-07-14T19,2024-07-14,0.0,0.0,0.0,0.0,2024-07-14 19:00:00,56.0,0.0,0.0,80.5,81.68,Partially cloudy,Cloudy
2024-07-14T20,2024-07-14,6.0,3.0,1.5166666666666666,0.25,2024-07-14 20:00:00,54.5,0.0,0.0,30.0,81.9,Partially cloudy,Cloudy
2024-07-14T21,2024-07-14,3.0,1.0,0.0,0.0,2024-07-14 21:00:00,53.5,0.0,0.0,22.0,80.34,Partially cloudy,Cloudy
2024-07-14T22,2024-07-14,0.0,0.0,0.0,0.0,2024-07-14 22:00:00,51.0,0.0,0.0,30.3,89.52,Partially cloudy,Cloudy
2024-07-14T23,2024-07-14,1.0,0.0,0.0,0.0,2024-07-14 23:00:00,50.4,0.0,0.0,6.6,90.28,Clear,Clear
2024-07-15T00,2024-07-15,0.0,0.0,0.0,0.0,2024-07-15 00:00:00,49.4,0.0,0.0,10.0,91.97,Clear,Clear
2024-07-15T01,2024-07-15,0.0,0.0,0.0,0.0,2024-07-15 01:00:00,46.1,0.0,0.0,21.7,92.75,Partially cloudy,Cloudy
2024-07-15T02,2024-07-15,0.0,0.0,0.0,0.0,2024-07-15 02:00:00,47.4,0.0,0.0,1.1,95.26,Clear,Clear
2024-07-15T03,2024-07-15,0.0,0.0,0.0,0.0,2024-07-15 03:00:00,47.6,0.0,0.0,60.0,95.47,Partially cloudy,Cloudy
2024-07-15T04,2024-07-15,0.0,0.0,0.0,0.0,2024-07-15 04:00:00,49.1,0.0,0.0,0.0,83.99,Clear,Clear
2024-07-15T05,2024-07-15,0.0,0.0,0.0,0.0,2024-07-15 05:00:00,46.4,0.0,0.0,19.3,89.83,Clear,Clear
2024-07-15T06,2024-07-15,0.0,0.0,0.0,0.0,2024-07-15 06:00:00,45.8,0.0,0.0,10.0,96.06,Clear,Clear
2024-07-15T07,2024-07-15,0.0,0.0,0.0,0.0,2024-07-15 07:00:00,45.1,0.0,0.0,0.0,95.81,Clear,Clear
2024-07-15T08,2024-07-15,0.0,0.0,0.0,0.0,2024-07-15 08:00:00,46.7,0.0,0.0,5.0,94.78,Clear,Clear
2024-07-15T09,2024-07-15,3.0,1.0,3.533333333333333,1.1666666666666667,2024-07-15 09:00:00,53.3,0.0,0.0,10.0,88.39,Clear,Clear
2024-07-15T10,2024-07-15,9.0,4.0,36.35,4.033333333333333,2024-07-15 10:00:00,58.2,0.0,0.0,0.0,71.84,Clear,Clear
2024-07-15T11,2024-07-15,15.0,10.0,64.51666666666667,4.3,2024-07-15 11:00:00,62.3,0.0,0.0,0.0,60.43,Clear,Clear
2024-07-15T12,2024-07-15,1.0,0.0,0.0,0.0,2024-07-15 12:00:00,63.9,0.0,0.0,0.0,59.6,Clear,Clear
2024-07-15T13,2024-07-15,2.0,0.0,0.0,0.0,2024-07-15 13:00:00,66.1,0.0,0.0,0.0,54.99,Clear,Clear
2024-07-15T14,2024-07-15,7.0,0.0,0.0,0.0,2024-07-15 14:00:00,67.8,0.0,0.0,0.0,54.35,Clear,Clear
2024-07-15T15,2024-07-15,7.0,2.0,8.966666666666667,1.2666666666666666,2024-07-15 15:00:00,69.1,0.002,100.0,0.0,50.31,Rain,Rainy
2024-07-15T16,2024-07-15,6.0,1.0,0.0,0.0,2024-07-15 16:00:00,69.0,0.0,0.0,0.0,53.21,Clear,Clear
2024-07-15T17,2024-07-15,3.0,0.0,0.0,0.0,2024-07-15 17:00:00,66.1,0.0,0.0,0.0,55.48,Clear,Clear
2024-07-15T18,2024-07-15,3.0,0.0,0.0,0.0,2024-07-15 18:00:00,60.5,0.0,0.0,0.0,67.57,Clear,Clear
2024-07-15T19,2024-07-15,5.0,0.0,0.0,0.0,2024-07-15 19:00:00,57.4,0.0,0.0,0.0,75.21,Clear,Clear
2024-07-15T20,2024-07-15,2.0,0.0,0.0,0.0,2024-07-15 20:00:00,56.2,0.0,0.0,0.0,78.08,Clear,Clear
2024-07-15T21,2024-07-15,0.0,0.0,0.0,0.0,2024-07-15 21:00:00,55.8,0.0,0.0,0.0,80.26,Clear,Clear
2024-07-15T22,2024-07-15,0.0,0.0,0.0,0.0,2024-07-15 22:00:00,55.7,0.0,0.0,0.0,77.75,Clear,Clear
2024-07-15T23,2024-07-15,0.0,0.0,0.0,0.0,2024-07-15 23:00:00,54.7,0.0,0.0,0.0,79.02,Clear,Clear
2024-07-16T00,2024-07-16,0.0,0.0,0.0,0.0,2024-07-16 00:00:00,53.5,0.0,0.0,0.0,81.22,Clear,Clear
2024-07-16T01,2024-07-16,0.0,0.0,0.0,0.0,2024-07-16 01:00:00,51.9,0.0,0.0,0.0,84.34,Clear,Clear
2024-07-16T02,2024-07-16,0.0,0.0,0.0,0.0,2024-07-16 02:00:00,51.1,0.0,0.0,0.0,83.25,Clear,Clear
2024-07-16T03,2024-07-16,0.0,0.0,0.0,0.0,2024-07-16 03:00:00,50.5,0.0,0.0,0.0,84.1,Clear,Clear
2024-07-16T04,2024-07-16,0.0,0.0,0.0,0.0,2024-07-16 04:00:00,50.5,0.0,0.0,0.0,82.2,Clear,Clear
2024-07-16T05,2024-07-16,0.0,0.0,0.0,0.0,2024-07-16 05:00:00,49.5,0.0,0.0,0.0,82.74,Clear,Clear
2024-07-16T06,2024-07-16,0.0,0.0,0.0,0.0,2024-07-16 06:00:00,48.7,0.0,0.0,0.1,84.14,Clear,Clear
2024-07-16T07,2024-07-16,0.0,0.0,0.0,0.0,2024-07-16 07:00:00,48.5,0.0,0.0,3.0,82.82,Clear,Clear
2024-07-16T08,2024-07-16,0.0,0.0,0.0,0.0,2024-07-16 08:00:00,50.8,0.0,0.0,2.0,81.71,Clear,Clear
2024-07-16T09,2024-07-16,2.0,0.0,0.0,0.0,2024-07-16 09:00:00,58.6,0.0,0.0,10.0,63.35,Clear,Clear
2024-07-16T10,2024-07-16,1.0,0.0,0.0,0.0,2024-07-16 10:00:00,63.2,0.0,0.0,0.0,54.32,Clear,Clear
2024-07-16T11,2024-07-16,3.0,0.0,0.0,0.0,2024-07-16 11:00:00,66.8,0.0,0.0,0.0,48.34,Clear,Clear
2024-07-16T12,2024-07-16,5.0,1.0,4.166666666666667,0.8333333333333334,2024-07-16 12:00:00,69.5,0.0,0.0,0.0,46.82,Clear,Clear
2024-07-16T13,2024-07-16,3.0,1.0,9.416666666666666,3.1333333333333333,2024-07-16 13:00:00,71.3,0.0,0.0,0.0,44.83,Clear,Clear
2024-07-16T14,2024-07-16,7.0,0.0,0.0,0.0,2024-07-16 14:00:00,72.1,0.0,0.0,0.0,41.76,Clear,Clear
2024-07-16T15,2024-07-16,3.0,0.0,0.0,0.0,2024-07-16 15:00:00,72.7,0.0,0.0,0.0,41.15,Clear,Clear
2024-07-16T16,2024-07-16,3.0,1.0,17.416666666666668,5.8,2024-07-16 16:00:00,72.1,0.0,0.0,0.1,42.33,Clear,Clear
2024-07-16T17,2024-07-16,6.0,0.0,0.0,0.0,2024-07-16 17:00:00,69.0,0.0,0.0,0.0,47.6,Clear,Clear
2024-07-16T18,2024-07-16,4.0,0.0,0.0,0.0,2024-07-16 18:00:00,64.4,0.0,0.0,0.0,54.6,Clear,Clear
2024-07-16T19,2024-07-16,0.0,0.0,0.0,0.0,2024-07-16 19:00:00,62.2,0.0,0.0,0.0,58.93,Clear,Clear
2024-07-16T20,2024-07-16,1.0,0.0,0.0,0.0,2024-07-16 20:00:00,60.1,0.0,0.0,0.0,62.66,Clear,Clear
2024-07-16T21,2024-07-16,3.0,0.0,0.0,0.0,2024-07-16 21:00:00,58.1,0.0,0.0,0.0,65.91,Clear,Clear
2024-07-16T22,2024-07-16,3.0,0.0,0.0,0.0,2024-07-16 22:00:00,58.5,0.0,0.0,0.0,63.95,Clear,Clear
2024-07-16T23,2024-07-16,0.0,0.0,0.0,0.0,2024-07-16 23:00:00,58.4,0.0,0.0,0.0,62.46,Clear,Clear
2024-07-17T00,2024-07-17,0.0,0.0,0.0,0.0,2024-07-17 00:00:00,58.1,0.0,0.0,5.0,62.78,Clear,Clear
2024-07-17T01,2024-07-17,0.0,0.0,0.0,0.0,2024-07-17 01:00:00,57.3,0.0,0.0,5.0,64.26,Clear,Clear
2024-07-17T02,2024-07-17,0.0,0.0,0.0,0.0,2024-07-17 02:00:00,57.8,0.0,0.0,96.4,61.04,Overcast,Cloudy
2024-07-17T03,2024-07-17,0.0,0.0,0.0,0.0,2024-07-17 03:00:00,57.3,0.0,0.0,40.0,59.68,Partially cloudy,Cloudy
2024-07-17T04,2024-07-17,0.0,0.0,0.0,0.0,2024-07-17 04:00:00,57.3,0.0,0.0,42.9,57.97,Partially cloudy,Cloudy
2024-07-17T05,2024-07-17,0.0,0.0,0.0,0.0,2024-07-17 05:00:00,58.3,0.0,0.0,100.0,54.92,Overcast,Cloudy
2024-07-17T06,2024-07-17,0.0,0.0,0.0,0.0,2024-07-17 06:00:00,59.2,0.0,0.0,90.0,52.35,Partially cloudy,Cloudy
2024-07-17T07,2024-07-17,0.0,0.0,0.0,0.0,2024-07-17 07:00:00,60.2,0.0,0.0,92.0,49.95,Overcast,Cloudy
2024-07-17T08,2024-07-17,0.0,0.0,0.0,0.0,2024-07-17 08:00:00,59.7,0.0,0.0,100.0,53.91,Overcast,Cloudy
2024-07-17T09,2024-07-17,2.0,0.0,0.0,0.0,2024-07-17 09:00:00,60.2,0.0,0.0,90.0,52.09,Partially cloudy,Cloudy
2024-07-17T10,2024-07-17,0.0,0.0,0.0,0.0,2024-07-17 10:00:00,64.7,0.0,0.0,100.0,44.45,Overcast,Cloudy
2024-07-17T11,2024-07-17,0.0,0.0,0.0,0.0,2024-07-17 11:00:00,68.8,0.0,0.0,7.1,39.16,Clear,Clear
2024-07-17T12,2024-07-17,2.0,0.0,0.0,0.0,2024-07-17 12:00:00,68.8,0.0,0.0,88.4,41.27,Partially cloudy,Cloudy
2024-07-17T13,2024-07-17,2.0,0.0,0.0,0.0,2024-07-17 13:00:00,70.7,0.0,0.0,96.9,43.71,Overcast,Cloudy
2024-07-17T14,2024-07-17,5.0,3.0,52.516666666666666,10.5,2024-07-17 14:00:00,72.0,0.0,0.0,98.3,45.69,Overcast,Cloudy
2024-07-17T15,2024-07-17,7.0,3.0,12.9,1.8333333333333333,2024-07-17 15:00:00,70.0,0.0,0.0,94.2,55.41,Overcast,Cloudy
2024-07-17T16,2024-07-17,6.0,2.0,109.95,18.316666666666663,2024-07-17 16:00:00,69.6,0.0,0.0,100.0,58.89,Overcast,Cloudy
2024-07-17T17,2024-07-17,9.0,3.0,51.3,5.7,2024-07-17 17:00:00,69.1,0.0,0.0,100.0,60.43,Overcast,Cloudy
2024-07-17T18,2024-07-17,3.0,0.0,0.0,0.0,2024-07-17 18:00:00,67.8,0.0,0.0,100.0,69.52,Overcast,Cloudy
2024-07-17T19,2024-07-17,1.0,0.0,0.0,0.0,2024-07-17 19:00:00,66.4,0.0,0.0,100.0,76.0,Overcast,Cloudy
2024-07-17T20,2024-07-17,0.0,0.0,0.0,0.0,2024-07-17 20:00:00,63.7,0.0,0.0,100.0,89.39,Overcast,Cloudy
2024-07-17T21,2024-07-17,1.0,0.0,0.0,0.0,2024-07-17 21:00:00,62.6,0.495,100.0,100.0,97.26,"Rain, Overcast",Rainy
2024-07-17T22,2024-07-17,1.0,0.0,0.0,0.0,2024-07-17 22:00:00,61.2,0.0,0.0,100.0,97.62,Overcast,Cloudy
2024-07-17T23,2024-07-17,0.0,0.0,0.0,0.0,2024-07-17 23:00:00,60.3,0.0,0.0,100.0,97.64,Overcast,Cloudy
2024-07-18T00,2024-07-18,0.0,0.0,0.0,0.0,2024-07-18 00:00:00,59.6,0.0,0.0,100.0,93.27,Overcast,Cloudy
2024-07-18T01,2024-07-18,0.0,0.0,0.0,0.0,2024-07-18 01:00:00,59.4,0.0,0.0,100.0,97.33,Overcast,Cloudy
2024-07-18T02,2024-07-18,0.0,0.0,0.0,0.0,2024-07-18 02:00:00,59.2,0.0,0.0,100.0,98.19,Overcast,Cloudy
2024-07-18T03,2024-07-18,0.0,0.0,0.0,0.0,2024-07-18 03:00:00,58.2,0.618,100.0,100.0,98.56,"Rain, Overcast",Rainy
2024-07-18T04,2024-07-18,0.0,0.0,0.0,0.0,2024-07-18 04:00:00,57.4,0.0,0.0,100.0,98.49,Overcast,Cloudy
2024-07-18T05,2024-07-18,0.0,0.0,0.0,0.0,2024-07-18 05:00:00,57.2,0.0,0.0,100.0,98.62,Overcast,Cloudy
2024-07-18T06,2024-07-18,0.0,0.0,0.0,0.0,2024-07-18 06:00:00,56.1,0.0,0.0,94.2,98.26,Overcast,Cloudy
2024-07-18T07,2024-07-18,0.0,0.0,0.0,0.0,2024-07-18 07:00:00,54.6,0.0,0.0,100.0,97.69,Overcast,Cloudy
2024-07-18T08,2024-07-18,0.0,0.0,0.0,0.0,2024-07-18 08:00:00,54.4,0.0,0.0,41.8,98.06,Partially cloudy,Cloudy
2024-07-18T09,2024-07-18,0.0,0.0,0.0,0.0,2024-07-18 09:00:00,55.0,0.098,100.0,94.2,97.72,"Rain, Overcast",Rainy
2024-07-18T10,2024-07-18,0.0,0.0,0.0,0.0,2024-07-18 10:00:00,55.6,0.0,0.0,95.5,94.42,Overcast,Cloudy
2024-07-18T11,2024-07-18,0.0,0.0,0.0,0.0,2024-07-18 11:00:00,55.8,0.0,0.0,82.1,92.05,Partially cloudy,Cloudy
2024-07-18T12,2024-07-18,0.0,0.0,0.0,0.0,2024-07-18 12:00:00,56.6,0.0,0.0,94.2,93.14,Overcast,Cloudy
2024-07-18T13,2024-07-18,0.0,0.0,0.0,0.0,2024-07-18 13:00:00,58.6,0.0,0.0,23.7,83.76,Partially cloudy,Cloudy
2024-07-18T14,2024-07-18,0.0,0.0,0.0,0.0,2024-07-18 14:00:00,60.6,0.0,0.0,73.4,67.08,Partially cloudy,Cloudy
2024-07-18T15,2024-07-18,0.0,0.0,0.0,0.0,2024-07-18 15:00:00,57.7,0.123,100.0,94.2,74.22,"Rain, Overcast",Rainy
2024-07-18T16,2024-07-18,0.0,0.0,0.0,0.0,2024-07-18 16:00:00,60.6,0.0,0.0,78.5,57.4,Partially cloudy,Cloudy
2024-07-18T17,2024-07-18,0.0,0.0,0.0,0.0,2024-07-18 17:00:00,56.5,0.0,0.0,100.0,68.44,Overcast,Cloudy
2024-07-18T18,2024-07-18,0.0,0.0,0.0,0.0,2024-07-18 18:00:00,54.6,0.0,0.0,88.4,76.99,Partially cloudy,Cloudy
2024-07-18T19,2024-07-18,0.0,0.0,0.0,0.0,2024-07-18 19:00:00,54.6,0.0,0.0,100.0,76.83,Overcast,Cloudy
2024-07-18T20,2024-07-18,0.0,0.0,0.0,0.0,2024-07-18 20:00:00,57.6,0.0,0.0,100.0,65.17,Overcast,Cloudy
2024-07-18T21,2024-07-18,0.0,0.0,0.0,0.0,2024-07-18 21:00:00,55.6,0.08,100.0,94.2,73.86,"Rain, Overcast",Rainy
2024-07-18T22,2024-07-18,0.0,0.0,0.0,0.0,2024-07-18 22:00:00,54.2,0.0,0.0,98.7,84.72,Overcast,Cloudy
2024-07-18T23,2024-07-18,0.0,0.0,0.0,0.0,2024-07-18 23:00:00,53.6,0.0,0.0,100.0,77.65,Overcast,Cloudy
2024-07-19T00,2024-07-19,0.0,0.0,0.0,0.0,2024-07-19 00:00:00,56.1,0.0,0.0,88.4,63.42,Partially cloudy,Cloudy
2024-07-19T01,2024-07-19,0.0,0.0,0.0,0.0,2024-07-19 01:00:00,54.7,0.0,0.0,93.9,65.68,Overcast,Cloudy
2024-07-19T02,2024-07-19,0.0,0.0,0.0,0.0,2024-07-19 02:00:00,54.3,0.0,0.0,30.3,68.19,Partially cloudy,Cloudy
2024-07-19T03,2024-07-19,0.0,0.0,0.0,0.0,2024-07-19 03:00:00,55.6,0.158,100.0,65.1,53.64,"Rain, Partially cloudy",Rainy
2024-07-19T04,2024-07-19,0.0,0.0,0.0,0.0,2024-07-19 04:00:00,55.4,0.0,0.0,4.3,58.6,Clear,Clear
2024-07-19T05,2024-07-19,0.0,0.0,0.0,0.0,2024-07-19 05:00:00,54.5,0.0,0.0,5.4,67.65,Clear,Clear
2024-07-19T06,2024-07-19,0.0,0.0,0.0,0.0,2024-07-19 06:00:00,50.7,0.0,0.0,48.4,78.82,Partially cloudy,Cloudy
2024-07-19T07,2024-07-19,0.0,0.0,0.0,0.0,2024-07-19 07:00:00,51.4,0.0,0.0,0.0,71.4,Clear,Clear
2024-07-19T08,2024-07-19,0.0,0.0,0.0,0.0,2024-07-19 08:00:00,51.5,0.0,0.0,3.0,79.61,Clear,Clear
2024-07-19T09,2024-07-19,0.0,0.0,0.0,0.0,2024-07-19 09:00:00,55.4,0.0,0.0,21.6,71.0,Partially cloudy,Cloudy
2024-07-19T10,2024-07-19,0.0,0.0,0.0,0.0,2024-07-19 10:00:00,58.3,0.0,0.0,13.7,63.78,Clear,Clear
2024-07-19T11,2024-07-19,0.0,0.0,0.0,0.0,2024-07-19 11:00:00,59.1,0.0,0.0,60.6,67.72,Partially cloudy,Cloudy
2024-07-19T12,2024-07-19,0.0,0.0,0.0,0.0,2024-07-19 12:00:00,59.1,0.0,0.0,77.4,70.95,Partially cloudy,Cloudy
2024-07-19T13,2024-07-19,0.0,0.0,0.0,0.0,2024-07-19 13:00:00,61.0,0.0,0.0,72.8,64.58,Partially cloudy,Cloudy
2024-07-19T14,2024-07-19,3.0,1.0,0.05,0.0166666666666666,2024-07-19 14:00:00,61.8,0.0,0.0,98.9,61.83,Overcast,Cloudy
2024-07-19T15,2024-07-19,9.0,1.0,31.683333333333334,3.5166666666666666,2024-07-19 15:00:00,61.8,0.008,100.0,71.6,56.2,"Rain, Partially cloudy",Rainy
2024-07-19T16,2024-07-19,3.0,1.0,0.0,0.0,2024-07-19 16:00:00,62.0,0.0,0.0,65.9,54.49,Partially cloudy,Cloudy
2024-07-19T17,2024-07-19,3.0,1.0,11.933333333333334,3.966666666666667,2024-07-19 17:00:00,58.8,0.0,0.0,98.1,70.55,Overcast,Cloudy
2024-07-19T18,2024-07-19,4.0,0.0,0.0,0.0,2024-07-19 18:00:00,57.6,0.0,0.0,67.4,74.37,Partially cloudy,Cloudy
2024-07-19T19,2024-07-19,4.0,0.0,0.0,0.0,2024-07-19 19:00:00,57.2,0.0,0.0,100.0,75.3,Overcast,Cloudy
2024-07-19T20,2024-07-19,5.0,0.0,0.0,0.0,2024-07-19 20:00:00,58.3,0.0,0.0,100.0,64.29,Overcast,Cloudy
2024-07-19T21,2024-07-19,3.0,1.0,2.75,0.9166666666666666,2024-07-19 21:00:00,56.9,0.007,100.0,94.2,72.01,"Rain, Overcast",Rainy
2024-07-19T22,2024-07-19,1.0,1.0,44.53333333333333,44.53333333333333,2024-07-19 22:00:00,56.7,0.0,0.0,100.0,77.49,Overcast,Cloudy
2024-07-19T23,2024-07-19,0.0,0.0,0.0,0.0,2024-07-19 23:00:00,56.6,0.0,0.0,100.0,73.6,Overcast,Cloudy
2024-07-20T00,2024-07-20,1.0,0.0,0.0,0.0,2024-07-20 00:00:00,55.1,0.0,0.0,84.2,78.59,Partially cloudy,Cloudy
2024-07-20T01,2024-07-20,0.0,0.0,0.0,0.0,2024-07-20 01:00:00,55.3,0.0,0.0,100.0,76.26,Overcast,Cloudy
2024-07-20T02,2024-07-20,0.0,0.0,0.0,0.0,2024-07-20 02:00:00,56.2,0.0,0.0,100.0,79.66,Overcast,Cloudy
2024-07-20T03,2024-07-20,0.0,0.0,0.0,0.0,2024-07-20 03:00:00,56.8,0.017,100.0,94.2,83.21,"Rain, Overcast",Rainy
2024-07-20T04,2024-07-20,0.0,0.0,0.0,0.0,2024-07-20 04:00:00,55.7,0.0,0.0,100.0,83.36,Overcast,Cloudy
2024-07-20T05,2024-07-20,0.0,0.0,0.0,0.0,2024-07-20 05:00:00,54.9,0.0,0.0,100.0,90.09,Overcast,Cloudy
2024-07-20T06,2024-07-20,0.0,0.0,0.0,0.0,2024-07-20 06:00:00,56.5,0.0,0.0,94.2,86.0,Overcast,Cloudy
2024-07-20T07,2024-07-20,3.0,1.0,0.2833333333333333,0.0833333333333333,2024-07-20 07:00:00,58.3,0.0,0.0,100.0,78.41,Overcast,Cloudy
2024-07-20T08,2024-07-20,1.0,0.0,0.0,0.0,2024-07-20 08:00:00,54.2,0.0,0.0,88.0,83.43,Partially cloudy,Cloudy
2024-07-20T09,2024-07-20,2.0,1.0,1.25,0.6166666666666667,2024-07-20 09:00:00,58.5,0.0,0.0,90.0,77.82,Partially cloudy,Cloudy
2024-07-20T10,2024-07-20,1.0,0.0,0.0,0.0,2024-07-20 10:00:00,59.8,0.0,0.0,94.5,73.33,Overcast,Cloudy
2024-07-20T11,2024-07-20,0.0,0.0,0.0,0.0,2024-07-20 11:00:00,62.3,0.0,0.0,92.7,68.73,Overcast,Cloudy
2024-07-20T12,2024-07-20,0.0,0.0,0.0,0.0,2024-07-20 12:00:00,65.4,0.0,0.0,93.3,53.48,Overcast,Cloudy
2024-07-20T13,2024-07-20,1.0,0.0,0.0,0.0,2024-07-20 13:00:00,65.6,0.0,0.0,91.8,49.06,Overcast,Cloudy
2024-07-20T14,2024-07-20,3.0,0.0,0.0,0.0,2024-07-20 14:00:00,65.1,0.0,0.0,100.0,60.28,Overcast,Cloudy
2024-07-20T15,2024-07-20,3.0,0.0,0.0,0.0,2024-07-20 15:00:00,64.8,0.002,100.0,94.2,59.87,"Rain, Overcast",Rainy
2024-07-20T16,2024-07-20,3.0,0.0,0.0,0.0,2024-07-20 16:00:00,65.1,0.0,0.0,56.6,60.18,Partially cloudy,Cloudy
2024-07-20T17,2024-07-20,6.0,2.0,1.25,0.2,2024-07-20 17:00:00,63.8,0.0,0.0,58.0,59.36,Partially cloudy,Cloudy
2024-07-20T18,2024-07-20,3.0,0.0,0.0,0.0,2024-07-20 18:00:00,62.6,0.0,0.0,60.0,69.25,Partially cloudy,Cloudy
2024-07-20T19,2024-07-20,0.0,0.0,0.0,0.0,2024-07-20 19:00:00,62.5,0.0,0.0,78.0,64.32,Partially cloudy,Cloudy
2024-07-20T20,2024-07-20,1.0,0.0,0.0,0.0,2024-07-20 20:00:00,61.1,0.0,0.0,17.5,70.62,Clear,Clear
2024-07-20T21,2024-07-20,0.0,0.0,0.0,0.0,2024-07-20 21:00:00,61.0,0.011,100.0,71.6,75.99,"Rain, Partially cloudy",Rainy
2024-07-20T22,2024-07-20,0.0,0.0,0.0,0.0,2024-07-20 22:00:00,61.1,0.0,0.0,81.9,73.93,Partially cloudy,Cloudy
2024-07-20T23,2024-07-20,0.0,0.0,0.0,0.0,2024-07-20 23:00:00,61.6,0.0,0.0,91.5,71.72,Overcast,Cloudy
2024-07-21T00,2024-07-21,1.0,0.0,0.0,0.0,2024-07-21 00:00:00,61.2,0.0,0.0,76.7,71.74,Partially cloudy,Cloudy
2024-07-21T01,2024-07-21,1.0,0.0,0.0,0.0,2024-07-21 01:00:00,61.4,0.0,0.0,99.6,71.18,Overcast,Cloudy
2024-07-21T02,2024-07-21,0.0,0.0,0.0,0.0,2024-07-21 02:00:00,62.6,0.0,0.0,93.9,66.89,Overcast,Cloudy
2024-07-21T03,2024-07-21,0.0,0.0,0.0,0.0,2024-07-21 03:00:00,61.5,0.006,100.0,94.2,73.93,"Rain, Overcast",Rainy
2024-07-21T04,2024-07-21,0.0,0.0,0.0,0.0,2024-07-21 04:00:00,61.0,0.0,0.0,89.6,79.57,Partially cloudy,Cloudy
2024-07-21T05,2024-07-21,0.0,0.0,0.0,0.0,2024-07-21 05:00:00,60.2,0.0,0.0,88.0,83.62,Partially cloudy,Cloudy
2024-07-21T06,2024-07-21,1.0,0.0,0.0,0.0,2024-07-21 06:00:00,60.3,0.0,0.0,88.4,82.53,Partially cloudy,Cloudy
2024-07-21T07,2024-07-21,0.0,0.0,0.0,0.0,2024-07-21 07:00:00,59.9,0.0,0.0,64.6,82.75,Partially cloudy,Cloudy
2024-07-21T08,2024-07-21,0.0,0.0,0.0,0.0,2024-07-21 08:00:00,60.2,0.0,0.0,98.4,84.11,Overcast,Cloudy
2024-07-21T09,2024-07-21,1.0,0.0,0.0,0.0,2024-07-21 09:00:00,61.8,0.007,100.0,94.2,79.29,"Rain, Overcast",Rainy
2024-07-21T10,2024-07-21,0.0,0.0,0.0,0.0,2024-07-21 10:00:00,61.2,0.0,0.0,10.8,81.8,Clear,Clear
2024-07-21T11,2024-07-21,4.0,0.0,0.0,0.0,2024-07-21 11:00:00,62.2,0.0,0.0,32.9,84.37,Partially cloudy,Cloudy
2024-07-21T12,2024-07-21,2.0,0.0,0.0,0.0,2024-07-21 12:00:00,64.0,0.0,0.0,85.8,78.22,Partially cloudy,Cloudy
2024-07-21T13,2024-07-21,4.0,0.0,0.0,0.0,2024-07-21 13:00:00,63.0,0.0,0.0,26.8,81.72,Partially cloudy,Cloudy
2024-07-21T14,2024-07-21,4.0,0.0,0.0,0.0,2024-07-21 14:00:00,65.1,0.0,0.0,82.1,69.17,Partially cloudy,Cloudy
2024-07-21T15,2024-07-21,3.0,0.0,0.0,0.0,2024-07-21 15:00:00,64.5,0.03,100.0,94.2,71.25,"Rain, Overcast",Rainy
2024-07-21T16,2024-07-21,3.0,2.0,0.0,0.0,2024-07-21 16:00:00,64.1,0.0,0.0,86.0,73.84,Partially cloudy,Cloudy
2024-07-21T17,2024-07-21,5.0,1.0,0.0,0.0,2024-07-21 17:00:00,63.3,0.0,0.0,100.0,73.1,Overcast,Cloudy
2024-07-21T18,2024-07-21,1.0,0.0,0.0,0.0,2024-07-21 18:00:00,61.4,0.0,0.0,90.0,84.56,Partially cloudy,Cloudy
2024-07-21T19,2024-07-21,1.0,0.0,0.0,0.0,2024-07-21 19:00:00,61.7,0.0,0.0,100.0,79.9,Overcast,Cloudy
2024-07-21T20,2024-07-21,1.0,0.0,0.0,0.0,2024-07-21 20:00:00,62.4,0.0,0.0,62.6,75.93,Partially cloudy,Cloudy
2024-07-21T21,2024-07-21,0.0,0.0,0.0,0.0,2024-07-21 21:00:00,62.4,0.009000000000000001,100.0,90.0,73.54,"Rain, Partially cloudy",Rainy
2024-07-21T22,2024-07-21,0.0,0.0,0.0,0.0,2024-07-21 22:00:00,62.5,0.0,0.0,100.0,69.25,Overcast,Cloudy
2024-07-21T23,2024-07-21,0.0,0.0,0.0,0.0,2024-07-21 23:00:00,62.7,0.0,0.0,100.0,70.23,Overcast,Cloudy
2024-07-22T00,2024-07-22,0.0,0.0,0.0,0.0,2024-07-22 00:00:00,62.4,0.0,0.0,94.2,69.88,Overcast,Cloudy
2024-07-22T01,2024-07-22,0.0,0.0,0.0,0.0,2024-07-22 01:00:00,63.0,0.0,0.0,100.0,66.41,Overcast,Cloudy
2024-07-22T02,2024-07-22,0.0,0.0,0.0,0.0,2024-07-22 02:00:00,61.2,0.0,0.0,100.0,73.4,Overcast,Cloudy
2024-07-22T03,2024-07-22,0.0,0.0,0.0,0.0,2024-07-22 03:00:00,58.8,0.004,100.0,88.4,74.94,"Rain, Partially cloudy",Rainy
2024-07-22T04,2024-07-22,0.0,0.0,0.0,0.0,2024-07-22 04:00:00,57.5,0.0,0.0,100.0,73.17,Overcast,Cloudy
2024-07-22T05,2024-07-22,0.0,0.0,0.0,0.0,2024-07-22 05:00:00,56.7,0.0,0.0,100.0,73.08,Overcast,Cloudy
2024-07-22T06,2024-07-22,0.0,0.0,0.0,0.0,2024-07-22 06:00:00,56.2,0.0,0.0,59.3,73.89,Partially cloudy,Cloudy
2024-07-22T07,2024-07-22,1.0,0.0,0.0,0.0,2024-07-22 07:00:00,56.8,0.0,0.0,99.4,69.74,Overcast,Cloudy
2024-07-22T08,2024-07-22,1.0,0.0,0.0,0.0,2024-07-22 08:00:00,56.8,0.0,0.0,100.0,64.43,Overcast,Cloudy
2024-07-22T09,2024-07-22,1.0,0.0,0.0,0.0,2024-07-22 09:00:00,59.7,0.0,0.0,27.4,60.29,Partially cloudy,Cloudy
2024-07-22T10,2024-07-22,0.0,0.0,0.0,0.0,2024-07-22 10:00:00,62.9,0.0,0.0,42.2,56.88,Partially cloudy,Cloudy
2024-07-22T11,2024-07-22,3.0,0.0,0.0,0.0,2024-07-22 11:00:00,64.8,0.0,0.0,91.7,61.04,Overcast,Cloudy
2024-07-22T12,2024-07-22,4.0,0.0,0.0,0.0,2024-07-22 12:00:00,64.8,0.0,0.0,94.2,70.28,Overcast,Cloudy
2024-07-22T13,2024-07-22,5.0,2.0,4.733333333333333,0.9333333333333332,2024-07-22 13:00:00,66.1,0.0,0.0,6.4,70.2,Clear,Clear
2024-07-22T14,2024-07-22,10.0,1.0,0.9166666666666666,0.0833333333333333,2024-07-22 14:00:00,66.8,0.0,0.0,9.7,69.11,Clear,Clear
2024-07-22T15,2024-07-22,4.0,0.0,0.0,0.0,2024-07-22 15:00:00,65.3,0.017,100.0,88.4,74.99,"Rain, Partially cloudy",Rainy
2024-07-22T16,2024-07-22,2.0,0.0,0.0,0.0,2024-07-22 16:00:00,65.0,0.0,0.0,14.9,78.72,Clear,Clear
2024-07-22T17,2024-07-22,7.0,1.0,0.0,0.0,2024-07-22 17:00:00,63.8,0.0,0.0,70.7,80.45,Partially cloudy,Cloudy
2024-07-22T18,2024-07-22,2.0,0.0,0.0,0.0,2024-07-22 18:00:00,64.6,0.0,0.0,94.2,76.19,Overcast,Cloudy
2024-07-22T19,2024-07-22,5.0,2.0,23.566666666666663,4.7,2024-07-22 19:00:00,64.3,0.0,0.0,80.8,74.99,Partially cloudy,Cloudy
2024-07-22T20,2024-07-22,1.0,0.0,0.0,0.0,2024-07-22 20:00:00,63.0,0.0,0.0,100.0,78.17,Overcast,Cloudy
2024-07-22T21,2024-07-22,1.0,0.0,0.0,0.0,2024-07-22 21:00:00,62.4,0.028,100.0,88.4,78.21,"Rain, Partially cloudy",Rainy
2024-07-22T22,2024-07-22,2.0,0.0,0.0,0.0,2024-07-22 22:00:00,60.7,0.0,0.0,100.0,90.08,Overcast,Cloudy
2024-07-22T23,2024-07-22,1.0,0.0,0.0,0.0,2024-07-22 23:00:00,61.2,0.0,0.0,100.0,96.42,Overcast,Cloudy
2024-07-23T00,2024-07-23,2.0,0.0,0.0,0.0,2024-07-23 00:00:00,61.0,0.0,0.0,100.0,97.99,Overcast,Cloudy
2024-07-23T01,2024-07-23,0.0,0.0,0.0,0.0,2024-07-23 01:00:00,59.8,0.0,0.0,94.5,98.18,Overcast,Cloudy
2024-07-23T02,2024-07-23,0.0,0.0,0.0,0.0,2024-07-23 02:00:00,57.4,0.0,0.0,21.7,98.71,Partially cloudy,Cloudy
2024-07-23T03,2024-07-23,0.0,0.0,0.0,0.0,2024-07-23 03:00:00,55.4,0.487,100.0,47.7,98.57,"Rain, Partially cloudy",Rainy
2024-07-23T04,2024-07-23,0.0,0.0,0.0,0.0,2024-07-23 04:00:00,56.8,0.0,0.0,100.0,98.86,Overcast,Cloudy
2024-07-23T05,2024-07-23,1.0,0.0,0.0,0.0,2024-07-23 05:00:00,57.8,0.0,0.0,98.9,99.13,Overcast,Cloudy
2024-07-23T06,2024-07-23,0.0,0.0,0.0,0.0,2024-07-23 06:00:00,57.5,0.0,0.0,94.2,98.49,Overcast,Cloudy
2024-07-23T07,2024-07-23,0.0,0.0,0.0,0.0,2024-07-23 07:00:00,54.2,0.0,0.0,99.9,93.88,Overcast,Cloudy
2024-07-23T08,2024-07-23,1.0,0.0,0.0,0.0,2024-07-23 08:00:00,54.3,0.0,0.0,100.0,95.51,Overcast,Cloudy
2024-07-23T09,2024-07-23,4.0,1.0,7.25,1.8,2024-07-23 09:00:00,54.6,0.0,0.0,100.0,97.67,Overcast,Cloudy
2024-07-23T10,2024-07-23,4.0,0.0,0.0,0.0,2024-07-23 10:00:00,54.8,0.0,0.0,100.0,97.19,Overcast,Cloudy
2024-07-23T11,2024-07-23,5.0,2.0,32.13333333333333,6.416666666666667,2024-07-23 11:00:00,55.1,0.0,0.0,65.0,94.87,Partially cloudy,Cloudy
2024-07-23T12,2024-07-23,7.0,1.0,9.433333333333334,1.3333333333333333,2024-07-23 12:00:00,56.7,0.0,0.0,88.4,87.56,Partially cloudy,Cloudy
2024-07-23T13,2024-07-23,6.0,0.0,0.0,0.0,2024-07-23 13:00:00,58.3,0.0,0.0,100.0,73.76,Overcast,Cloudy
2024-07-23T14,2024-07-23,3.0,0.0,0.0,0.0,2024-07-23 14:00:00,59.7,0.0,0.0,5.0,65.94,Clear,Clear
2024-07-23T15,2024-07-23,7.0,1.0,0.0,0.0,2024-07-23 15:00:00,59.7,0.079,100.0,50.9,60.75,"Rain, Partially cloudy",Rainy
2024-07-23T16,2024-07-23,9.0,4.0,4.783333333333333,0.5166666666666667,2024-07-23 16:00:00,58.7,0.0,0.0,2.1,60.28,Clear,Clear
2024-07-23T17,2024-07-23,10.0,0.0,0.0,0.0,2024-07-23 17:00:00,56.6,0.0,0.0,5.0,64.57,Clear,Clear
2024-07-23T18,2024-07-23,2.0,0.0,0.0,0.0,2024-07-23 18:00:00,54.4,0.0,0.0,18.4,70.04,Clear,Clear
2024-07-23T19,2024-07-23,2.0,1.0,0.0,0.0,2024-07-23 19:00:00,53.4,0.0,0.0,24.0,74.5,Partially cloudy,Cloudy
2024-07-23T20,2024-07-23,1.0,0.0,0.0,0.0,2024-07-23 20:00:00,53.0,0.0,0.0,19.9,74.6,Clear,Clear
2024-07-23T21,2024-07-23,0.0,0.0,0.0,0.0,2024-07-23 21:00:00,52.7,0.0,0.0,21.6,75.13,Partially cloudy,Cloudy
2024-07-23T22,2024-07-23,1.0,0.0,0.0,0.0,2024-07-23 22:00:00,51.5,0.0,0.0,18.2,76.11,Clear,Clear
2024-07-23T23,2024-07-23,0.0,0.0,0.0,0.0,2024-07-23 23:00:00,49.3,0.0,0.0,64.1,81.87,Partially cloudy,Cloudy
2024-07-24T00,2024-07-24,0.0,0.0,0.0,0.0,2024-07-24 00:00:00,45.9,0.0,0.0,100.0,88.75,Overcast,Cloudy
2024-07-24T01,2024-07-24,0.0,0.0,0.0,0.0,2024-07-24 01:00:00,44.2,0.0,0.0,100.0,92.65,Overcast,Cloudy
2024-07-24T02,2024-07-24,0.0,0.0,0.0,0.0,2024-07-24 02:00:00,42.7,0.0,0.0,100.0,94.7,Overcast,Cloudy
2024-07-24T03,2024-07-24,0.0,0.0,0.0,0.0,2024-07-24 03:00:00,42.4,0.0,0.0,100.0,93.06,Overcast,Cloudy
2024-07-24T04,2024-07-24,0.0,0.0,0.0,0.0,2024-07-24 04:00:00,42.1,0.0,0.0,100.0,93.46,Overcast,Cloudy
2024-07-24T05,2024-07-24,0.0,0.0,0.0,0.0,2024-07-24 05:00:00,41.7,0.0,0.0,100.0,94.28,Overcast,Cloudy
2024-07-24T06,2024-07-24,0.0,0.0,0.0,0.0,2024-07-24 06:00:00,41.5,0.0,0.0,10.0,95.25,Clear,Clear
2024-07-24T07,2024-07-24,0.0,0.0,0.0,0.0,2024-07-24 07:00:00,41.8,0.0,0.0,63.4,93.08,Partially cloudy,Cloudy
2024-07-24T08,2024-07-24,0.0,0.0,0.0,0.0,2024-07-24 08:00:00,44.2,0.0,0.0,11.2,92.65,Clear,Clear
2024-07-24T09,2024-07-24,0.0,0.0,0.0,0.0,2024-07-24 09:00:00,49.6,0.0,0.0,80.0,81.63,Partially cloudy,Cloudy
2024-07-24T10,2024-07-24,0.0,0.0,0.0,0.0,2024-07-24 10:00:00,54.2,0.0,0.0,100.0,72.78,Overcast,Cloudy
2024-07-24T11,2024-07-24,9.0,4.0,9.583333333333334,1.05,2024-07-24 11:00:00,55.9,0.0,0.0,57.5,73.91,Partially cloudy,Cloudy
2024-07-24T12,2024-07-24,4.0,1.0,0.0,0.0,2024-07-24 12:00:00,57.0,0.0,0.0,59.3,76.84,Partially cloudy,Cloudy
2024-07-24T13,2024-07-24,13.0,8.0,12.433333333333334,0.95,2024-07-24 13:00:00,56.9,0.0,0.0,35.4,79.36,Partially cloudy,Cloudy
2024-07-24T14,2024-07-24,17.0,11.0,67.61666666666666,3.966666666666667,2024-07-24 14:00:00,58.6,0.0,0.0,67.6,79.76,Partially cloudy,Cloudy
2024-07-24T15,2024-07-24,13.0,9.0,118.66666666666669,9.116666666666667,2024-07-24 15:00:00,57.2,0.067,100.0,88.4,87.94,"Rain, Partially cloudy",Rainy
2024-07-24T16,2024-07-24,19.0,14.0,105.46666666666668,5.55,2024-07-24 16:00:00,58.7,0.0,0.0,80.1,81.86,Partially cloudy,Cloudy
2024-07-24T17,2024-07-24,27.0,18.0,54.45,2.0166666666666666,2024-07-24 17:00:00,58.0,0.0,0.0,97.4,81.21,Overcast,Cloudy
2024-07-24T18,2024-07-24,2.0,0.0,0.0,0.0,2024-07-24 18:00:00,56.7,0.0,0.0,73.3,81.87,Partially cloudy,Cloudy
2024-07-24T19,2024-07-24,3.0,0.0,0.0,0.0,2024-07-24 19:00:00,56.1,0.0,0.0,100.0,84.74,Overcast,Cloudy
2024-07-24T20,2024-07-24,8.0,1.0,1.05,0.1166666666666666,2024-07-24 20:00:00,55.1,0.0,0.0,100.0,89.86,Overcast,Cloudy
2024-07-24T21,2024-07-24,4.0,0.0,0.0,0.0,2024-07-24 21:00:00,55.4,0.08700000000000001,100.0,51.6,87.76,"Rain, Partially cloudy",Rainy
2024-07-24T22,2024-07-24,6.0,0.0,0.0,0.0,2024-07-24 22:00:00,54.5,0.0,0.0,6.9,90.76,Clear,Clear
2024-07-24T23,2024-07-24,5.0,0.0,0.0,0.0,2024-07-24 23:00:00,55.2,0.0,0.0,63.1,90.42,Partially cloudy,Cloudy
2024-07-25T00,2024-07-25,4.0,0.0,0.0,0.0,2024-07-25 00:00:00,54.7,0.0,0.0,70.9,90.73,Partially cloudy,Cloudy
2024-07-25T01,2024-07-25,5.0,0.0,0.0,0.0,2024-07-25 01:00:00,55.0,0.0,0.0,92.0,88.66,Overcast,Cloudy
2024-07-25T02,2024-07-25,2.0,0.0,0.0,0.0,2024-07-25 02:00:00,53.1,0.0,0.0,96.8,94.82,Overcast,Cloudy
2024-07-25T03,2024-07-25,4.0,0.0,0.0,0.0,2024-07-25 03:00:00,53.9,0.038,100.0,72.6,91.35,"Rain, Partially cloudy",Rainy
2024-07-25T04,2024-07-25,6.0,0.0,0.0,0.0,2024-07-25 04:00:00,54.6,0.0,0.0,66.7,93.73,Partially cloudy,Cloudy
2024-07-25T05,2024-07-25,3.0,0.0,0.0,0.0,2024-07-25 05:00:00,53.5,0.0,0.0,99.2,93.65,Overcast,Cloudy
2024-07-25T06,2024-07-25,0.0,0.0,0.0,0.0,2024-07-25 06:00:00,53.0,0.0,0.0,72.6,89.23,Partially cloudy,Cloudy
2024-07-25T07,2024-07-25,1.0,0.0,0.0,0.0,2024-07-25 07:00:00,52.9,0.0,0.0,53.3,95.88,Partially cloudy,Cloudy
2024-07-25T08,2024-07-25,3.0,0.0,0.0,0.0,2024-07-25 08:00:00,55.2,0.0,0.0,33.2,93.85,Partially cloudy,Cloudy
2024-07-25T09,2024-07-25,19.0,14.0,103.66666666666669,5.45,2024-07-25 09:00:00,56.5,0.003,100.0,94.2,96.63,"Rain, Overcast",Rainy
2024-07-25T10,2024-07-25,15.0,10.0,116.41666666666669,7.75,2024-07-25 10:00:00,58.4,0.0,0.0,12.8,92.55,Clear,Clear
2024-07-25T11,2024-07-25,19.0,9.0,45.15,2.3666666666666667,2024-07-25 11:00:00,59.0,0.0,0.0,79.3,88.69,Partially cloudy,Cloudy
2024-07-25T12,2024-07-25,6.0,1.0,0.0,0.0,2024-07-25 12:00:00,61.0,0.0,0.0,94.2,82.49,Overcast,Cloudy
2024-07-25T13,2024-07-25,26.0,15.0,86.58333333333333,3.316666666666667,2024-07-25 13:00:00,60.9,0.0,0.0,38.5,78.79,Partially cloudy,Cloudy
2024-07-25T14,2024-07-25,4.0,0.0,0.0,0.0,2024-07-25 14:00:00,63.3,0.0,0.0,0.4,68.33,Clear,Clear
2024-07-25T15,2024-07-25,12.0,5.0,12.0,1.0,2024-07-25 15:00:00,64.6,0.06,100.0,55.1,56.88,"Rain, Partially cloudy",Rainy
2024-07-25T16,2024-07-25,5.0,3.0,29.383333333333333,5.866666666666666,2024-07-25 16:00:00,61.3,0.0,0.0,5.7,76.45,Clear,Clear
2024-07-25T17,2024-07-25,3.0,1.0,0.3166666666666666,0.1,2024-07-25 17:00:00,56.5,0.0,0.0,26.5,92.92,Partially cloudy,Cloudy
2024-07-25T18,2024-07-25,3.0,0.0,0.0,0.0,2024-07-25 18:00:00,55.6,0.0,0.0,94.2,95.57,Overcast,Cloudy
2024-07-25T19,2024-07-25,2.0,0.0,0.0,0.0,2024-07-25 19:00:00,55.7,0.0,0.0,100.0,96.9,Overcast,Cloudy
2024-07-25T20,2024-07-25,0.0,0.0,0.0,0.0,2024-07-25 20:00:00,55.8,0.0,0.0,100.0,97.6,Overcast,Cloudy
2024-07-25T21,2024-07-25,0.0,0.0,0.0,0.0,2024-07-25 21:00:00,54.8,0.222,100.0,94.2,98.02,"Rain, Overcast",Rainy
2024-07-25T22,2024-07-25,2.0,0.0,0.0,0.0,2024-07-25 22:00:00,54.8,0.0,0.0,100.0,98.34,Overcast,Cloudy
2024-07-25T23,2024-07-25,0.0,0.0,0.0,0.0,2024-07-25 23:00:00,54.3,0.0,0.0,100.0,98.48,Overcast,Cloudy
2024-07-26T00,2024-07-26,1.0,0.0,0.0,0.0,2024-07-26 00:00:00,53.5,0.0,0.0,59.3,98.5,Partially cloudy,Cloudy
2024-07-26T01,2024-07-26,2.0,0.0,0.0,0.0,2024-07-26 01:00:00,53.7,0.0,0.0,82.1,98.96,Partially cloudy,Cloudy
2024-07-26T02,2024-07-26,3.0,0.0,0.0,0.0,2024-07-26 02:00:00,54.2,0.0,0.0,76.0,98.83,Partially cloudy,Cloudy
2024-07-26T03,2024-07-26,1.0,0.0,0.0,0.0,2024-07-26 03:00:00,54.5,0.166,100.0,94.2,98.76,"Rain, Overcast",Rainy
2024-07-26T04,2024-07-26,2.0,0.0,0.0,0.0,2024-07-26 04:00:00,53.3,0.0,0.0,83.1,98.32,Partially cloudy,Cloudy
2024-07-26T05,2024-07-26,3.0,0.0,0.0,0.0,2024-07-26 05:00:00,52.3,0.0,0.0,54.4,98.57,Partially cloudy,Cloudy
2024-07-26T06,2024-07-26,1.0,0.0,0.0,0.0,2024-07-26 06:00:00,52.8,0.0,0.0,94.2,98.72,Overcast,Cloudy
2024-07-26T07,2024-07-26,0.0,0.0,0.0,0.0,2024-07-26 07:00:00,51.4,0.0,0.0,38.8,98.56,Partially cloudy,Cloudy
2024-07-26T08,2024-07-26,6.0,1.0,0.1166666666666666,0.0166666666666666,2024-07-26 08:00:00,52.2,0.0,0.0,58.9,99.03,Partially cloudy,Cloudy
2024-07-26T09,2024-07-26,5.0,0.0,0.0,0.0,2024-07-26 09:00:00,56.0,0.0,0.0,10.0,97.73,Clear,Clear
2024-07-26T10,2024-07-26,5.0,1.0,0.0,0.0,2024-07-26 10:00:00,59.5,0.0,0.0,23.9,87.3,Partially cloudy,Cloudy
2024-07-26T11,2024-07-26,9.0,3.0,0.0666666666666666,0.0,2024-07-26 11:00:00,62.0,0.0,0.0,24.8,78.01,Partially cloudy,Cloudy
2024-07-26T12,2024-07-26,14.0,6.0,1.1333333333333333,0.0666666666666666,2024-07-26 12:00:00,62.2,0.0,0.0,88.4,73.98,Partially cloudy,Cloudy
2024-07-26T13,2024-07-26,8.0,7.0,2.85,0.35,2024-07-26 13:00:00,63.9,0.0,0.0,8.8,67.83,Clear,Clear
2024-07-26T14,2024-07-26,15.0,8.0,4.966666666666667,0.3166666666666666,2024-07-26 14:00:00,65.1,0.0,0.0,5.0,62.68,Clear,Clear
2024-07-26T15,2024-07-26,8.0,0.0,0.0,0.0,2024-07-26 15:00:00,64.4,0.002,100.0,27.4,61.52,"Rain, Partially cloudy",Rainy
2024-07-26T16,2024-07-26,12.0,4.0,0.0,0.0,2024-07-26 16:00:00,63.6,0.0,0.0,10.7,66.32,Clear,Clear
2024-07-26T17,2024-07-26,4.0,0.0,0.0,0.0,2024-07-26 17:00:00,61.2,0.0,0.0,11.4,76.69,Clear,Clear
2024-07-26T18,2024-07-26,9.0,4.0,1.9166666666666667,0.2,2024-07-26 18:00:00,58.7,0.0,0.0,50.0,83.41,Partially cloudy,Cloudy
2024-07-26T19,2024-07-26,3.0,0.0,0.0,0.0,2024-07-26 19:00:00,57.5,0.0,0.0,52.8,87.33,Partially cloudy,Cloudy
2024-07-26T20,2024-07-26,2.0,0.0,0.0,0.0,2024-07-26 20:00:00,57.4,0.0,0.0,41.1,87.93,Partially cloudy,Cloudy
2024-07-26T21,2024-07-26,1.0,0.0,0.0,0.0,2024-07-26 21:00:00,57.1,0.033,100.0,94.2,89.35,"Rain, Overcast",Rainy
2024-07-26T22,2024-07-26,1.0,0.0,0.0,0.0,2024-07-26 22:00:00,56.1,0.0,0.0,30.2,91.62,Partially cloudy,Cloudy
2024-07-26T23,2024-07-26,1.0,0.0,0.0,0.0,2024-07-26 23:00:00,53.8,0.0,0.0,44.7,94.21,Partially cloudy,Cloudy
2024-07-27T00,2024-07-27,0.0,0.0,0.0,0.0,2024-07-27 00:00:00,53.4,0.0,0.0,26.7,96.72,Partially cloudy,Cloudy
2024-07-27T01,2024-07-27,0.0,0.0,0.0,0.0,2024-07-27 01:00:00,53.8,0.0,0.0,91.9,96.78,Overcast,Cloudy
2024-07-27T02,2024-07-27,0.0,0.0,0.0,0.0,2024-07-27 02:00:00,53.5,0.0,0.0,100.0,96.98,Overcast,Cloudy
2024-07-27T03,2024-07-27,0.0,0.0,0.0,0.0,2024-07-27 03:00:00,53.6,0.01,100.0,70.9,97.47,"Rain, Partially cloudy",Rainy
2024-07-27T04,2024-07-27,0.0,0.0,0.0,0.0,2024-07-27 04:00:00,53.8,0.0,0.0,100.0,98.04,Overcast,Cloudy
2024-07-27T05,2024-07-27,0.0,0.0,0.0,0.0,2024-07-27 05:00:00,53.7,0.0,0.0,100.0,97.67,Overcast,Cloudy
2024-07-27T06,2024-07-27,0.0,0.0,0.0,0.0,2024-07-27 06:00:00,53.0,0.0,0.0,64.9,98.07,Partially cloudy,Cloudy
2024-07-27T07,2024-07-27,0.0,0.0,0.0,0.0,2024-07-27 07:00:00,52.4,0.0,0.0,100.0,97.99,Overcast,Cloudy
2024-07-27T08,2024-07-27,0.0,0.0,0.0,0.0,2024-07-27 08:00:00,53.4,0.0,0.0,10.8,97.93,Clear,Clear
2024-07-27T09,2024-07-27,0.0,0.0,0.0,0.0,2024-07-27 09:00:00,57.6,0.0,0.0,10.0,88.75,Clear,Clear
2024-07-27T10,2024-07-27,0.0,0.0,0.0,0.0,2024-07-27 10:00:00,61.7,0.0,0.0,32.1,74.5,Partially cloudy,Cloudy
2024-07-27T11,2024-07-27,0.0,0.0,0.0,0.0,2024-07-27 11:00:00,64.3,0.0,0.0,5.0,63.13,Clear,Clear
2024-07-27T12,2024-07-27,1.0,1.0,0.0,0.0,2024-07-27 12:00:00,65.6,0.0,0.0,40.0,55.53,Partially cloudy,Cloudy
2024-07-27T13,2024-07-27,2.0,0.0,0.0,0.0,2024-07-27 13:00:00,66.6,0.0,0.0,0.30000000000000004,54.31,Clear,Clear
2024-07-27T14,2024-07-27,2.0,0.0,0.0,0.0,2024-07-27 14:00:00,67.0,0.0,0.0,4.2,53.27,Clear,Clear
2024-07-27T15,2024-07-27,0.0,0.0,0.0,0.0,2024-07-27 15:00:00,66.1,0.0,0.0,50.7,53.99,Partially cloudy,Cloudy
2024-07-27T16,2024-07-27,3.0,0.0,0.0,0.0,2024-07-27 16:00:00,65.3,0.0,0.0,22.3,56.29,Partially cloudy,Cloudy
2024-07-27T17,2024-07-27,6.0,2.0,13.833333333333334,2.3,2024-07-27 17:00:00,64.2,0.0,0.0,58.5,60.62,Partially cloudy,Cloudy
2024-07-27T18,2024-07-27,0.0,0.0,0.0,0.0,2024-07-27 18:00:00,62.6,0.0,0.0,94.2,63.28,Overcast,Cloudy
2024-07-27T19,2024-07-27,4.0,0.0,0.0,0.0,2024-07-27 19:00:00,59.9,0.0,0.0,2.1,70.08,Clear,Clear
2024-07-27T20,2024-07-27,3.0,1.0,0.0,0.0,2024-07-27 20:00:00,58.3,0.0,0.0,1.8,73.75,Clear,Clear
2024-07-27T21,2024-07-27,0.0,0.0,0.0,0.0,2024-07-27 21:00:00,57.5,0.0,0.0,30.0,76.38,Partially cloudy,Cloudy
2024-07-27T22,2024-07-27,2.0,1.0,0.0,0.0,2024-07-27 22:00:00,56.4,0.0,0.0,100.0,79.7,Overcast,Cloudy
2024-07-27T23,2024-07-27,1.0,0.0,0.0,0.0,2024-07-27 23:00:00,56.8,0.0,0.0,100.0,79.06,Overcast,Cloudy
2024-07-28T00,2024-07-28,3.0,0.0,0.0,0.0,2024-07-28 00:00:00,55.7,0.0,0.0,69.1,82.11,Partially cloudy,Cloudy
2024-07-28T01,2024-07-28,1.0,0.0,0.0,0.0,2024-07-28 01:00:00,56.4,0.0,0.0,96.4,80.17,Overcast,Cloudy
2024-07-28T02,2024-07-28,2.0,0.0,0.0,0.0,2024-07-28 02:00:00,56.6,0.0,0.0,100.0,77.17,Overcast,Cloudy
2024-07-28T03,2024-07-28,3.0,0.0,0.0,0.0,2024-07-28 03:00:00,56.8,0.001,100.0,94.2,75.17,"Rain, Overcast",Rainy
2024-07-28T04,2024-07-28,0.0,0.0,0.0,0.0,2024-07-28 04:00:00,55.6,0.0,0.0,90.8,84.14,Overcast,Cloudy
2024-07-28T05,2024-07-28,3.0,0.0,0.0,0.0,2024-07-28 05:00:00,55.9,0.0,0.0,45.9,81.56,Partially cloudy,Cloudy
2024-07-28T06,2024-07-28,1.0,0.0,0.0,0.0,2024-07-28 06:00:00,55.2,0.0,0.0,88.4,79.81,Partially cloudy,Cloudy
2024-07-28T07,2024-07-28,1.0,0.0,0.0,0.0,2024-07-28 07:00:00,54.0,0.0,0.0,27.5,82.55,Partially cloudy,Cloudy
2024-07-28T08,2024-07-28,0.0,0.0,0.0,0.0,2024-07-28 08:00:00,55.0,0.0,0.0,4.3,85.04,Clear,Clear
2024-07-28T09,2024-07-28,2.0,0.0,0.0,0.0,2024-07-28 09:00:00,58.5,0.017,100.0,94.2,76.17,"Rain, Overcast",Rainy
2024-07-28T10,2024-07-28,0.0,0.0,0.0,0.0,2024-07-28 10:00:00,57.4,0.0,0.0,19.7,91.26,Clear,Clear
2024-07-28T11,2024-07-28,0.0,0.0,0.0,0.0,2024-07-28 11:00:00,59.6,0.0,0.0,98.2,87.91,Overcast,Cloudy
2024-07-28T12,2024-07-28,16.0,8.0,14.216666666666669,0.8833333333333333,2024-07-28 12:00:00,61.6,0.0,0.0,94.2,89.1,Overcast,Cloudy
2024-07-28T13,2024-07-28,10.0,2.0,0.2166666666666666,0.0166666666666666,2024-07-28 13:00:00,66.1,0.0,0.0,31.4,76.24,Partially cloudy,Cloudy
2024-07-28T14,2024-07-28,10.0,5.0,15.066666666666666,1.5,2024-07-28 14:00:00,64.0,0.0,0.0,2.5,84.53,Clear,Clear
2024-07-28T15,2024-07-28,6.0,2.0,0.35,0.05,2024-07-28 15:00:00,66.1,0.10400000000000001,100.0,94.2,74.2,"Rain, Overcast",Rainy
2024-07-28T16,2024-07-28,3.0,1.0,0.0,0.0,2024-07-28 16:00:00,66.6,0.0,0.0,97.8,68.76,Overcast,Cloudy
2024-07-28T17,2024-07-28,1.0,0.0,0.0,0.0,2024-07-28 17:00:00,66.3,0.0,0.0,99.9,70.48,Overcast,Cloudy
2024-07-28T18,2024-07-28,1.0,0.0,0.0,0.0,2024-07-28 18:00:00,66.0,0.0,0.0,94.2,71.89,Overcast,Cloudy
2024-07-28T19,2024-07-28,1.0,0.0,0.0,0.0,2024-07-28 19:00:00,61.2,0.0,0.0,91.8,90.87,Overcast,Cloudy
2024-07-28T20,2024-07-28,5.0,3.0,2.25,0.45,2024-07-28 20:00:00,60.5,0.0,0.0,4.2,96.0,Clear,Clear
2024-07-28T21,2024-07-28,1.0,0.0,0.0,0.0,2024-07-28 21:00:00,60.3,0.362,100.0,69.1,94.68,"Rain, Partially cloudy",Rainy
2024-07-28T22,2024-07-28,1.0,0.0,0.0,0.0,2024-07-28 22:00:00,60.3,0.0,0.0,4.7,92.41,Clear,Clear
2024-07-28T23,2024-07-28,0.0,0.0,0.0,0.0,2024-07-28 23:00:00,58.3,0.0,0.0,4.1,90.32,Clear,Clear
2024-07-29T00,2024-07-29,0.0,0.0,0.0,0.0,2024-07-29 00:00:00,57.6,0.0,0.0,54.2,88.75,Partially cloudy,Cloudy
2024-07-29T01,2024-07-29,0.0,0.0,0.0,0.0,2024-07-29 01:00:00,56.8,0.0,0.0,6.3,89.72,Clear,Clear
2024-07-29T02,2024-07-29,0.0,0.0,0.0,0.0,2024-07-29 02:00:00,56.4,0.0,0.0,69.6,87.12,Partially cloudy,Cloudy
2024-07-29T03,2024-07-29,0.0,0.0,0.0,0.0,2024-07-29 03:00:00,55.9,0.002,100.0,30.0,88.59,"Rain, Partially cloudy",Rainy
2024-07-29T04,2024-07-29,0.0,0.0,0.0,0.0,2024-07-29 04:00:00,56.2,0.0,0.0,100.0,89.33,Overcast,Cloudy
2024-07-29T05,2024-07-29,0.0,0.0,0.0,0.0,2024-07-29 05:00:00,56.8,0.0,0.0,100.0,87.96,Overcast,Cloudy
2024-07-29T06,2024-07-29,1.0,0.0,0.0,0.0,2024-07-29 06:00:00,57.9,0.0,0.0,76.7,89.21,Partially cloudy,Cloudy
2024-07-29T07,2024-07-29,1.0,0.0,0.0,0.0,2024-07-29 07:00:00,57.3,0.0,0.0,100.0,95.22,Overcast,Cloudy
2024-07-29T08,2024-07-29,1.0,0.0,0.0,0.0,2024-07-29 08:00:00,57.9,0.0,0.0,99.3,97.78,Overcast,Cloudy
2024-07-29T09,2024-07-29,10.0,3.0,21.45,2.1333333333333333,2024-07-29 09:00:00,60.1,0.0,0.0,94.2,97.08,Overcast,Cloudy
2024-07-29T10,2024-07-29,3.0,0.0,0.0,0.0,2024-07-29 10:00:00,62.7,0.0,0.0,52.2,86.31,Partially cloudy,Cloudy
2024-07-29T11,2024-07-29,3.0,0.0,0.0,0.0,2024-07-29 11:00:00,64.9,0.0,0.0,61.9,73.73,Partially cloudy,Cloudy
2024-07-29T12,2024-07-29,5.0,0.0,0.0,0.0,2024-07-29 12:00:00,66.7,0.0,0.0,94.2,60.2,Overcast,Cloudy
2024-07-29T13,2024-07-29,7.0,0.0,0.0,0.0,2024-07-29 13:00:00,66.5,0.0,0.0,100.0,63.45,Overcast,Cloudy
2024-07-29T14,2024-07-29,6.0,2.0,11.033333333333331,1.8333333333333333,2024-07-29 14:00:00,64.9,0.0,0.0,100.0,67.12,Overcast,Cloudy
2024-07-29T15,2024-07-29,5.0,1.0,0.0,0.0,2024-07-29 15:00:00,64.2,0.006,100.0,94.2,76.26,"Rain, Overcast",Rainy
2024-07-29T16,2024-07-29,2.0,1.0,0.0,0.0,2024-07-29 16:00:00,64.7,0.0,0.0,100.0,74.49,Overcast,Cloudy
2024-07-29T17,2024-07-29,6.0,0.0,0.0,0.0,2024-07-29 17:00:00,62.0,0.0,0.0,68.5,88.81,Partially cloudy,Cloudy
2024-07-29T18,2024-07-29,1.0,0.0,0.0,0.0,2024-07-29 18:00:00,60.8,0.0,0.0,94.2,93.4,Overcast,Cloudy
2024-07-29T19,2024-07-29,0.0,0.0,0.0,0.0,2024-07-29 19:00:00,60.0,0.0,0.0,17.1,96.4,Clear,Clear
2024-07-29T20,2024-07-29,0.0,0.0,0.0,0.0,2024-07-29 20:00:00,59.5,0.0,0.0,33.5,95.24,Partially cloudy,Cloudy
2024-07-29T21,2024-07-29,1.0,0.0,0.0,0.0,2024-07-29 21:00:00,59.4,0.041,100.0,84.2,94.48,"Rain, Partially cloudy",Rainy
2024-07-29T22,2024-07-29,1.0,0.0,0.0,0.0,2024-07-29 22:00:00,59.2,0.0,0.0,97.2,92.93,Overcast,Cloudy
2024-07-29T23,2024-07-29,1.0,0.0,0.0,0.0,2024-07-29 23:00:00,59.0,0.0,0.0,80.8,92.57,Partially cloudy,Cloudy
2024-07-30T00,2024-07-30,0.0,0.0,0.0,0.0,2024-07-30 00:00:00,57.9,0.0,0.0,65.1,94.18,Partially cloudy,Cloudy
2024-07-30T01,2024-07-30,0.0,0.0,0.0,0.0,2024-07-30 01:00:00,58.0,0.0,0.0,11.3,94.51,Clear,Clear
2024-07-30T02,2024-07-30,1.0,1.0,0.0,0.0,2024-07-30 02:00:00,57.0,0.0,0.0,7.1,95.7,Clear,Clear
2024-07-30T03,2024-07-30,0.0,0.0,0.0,0.0,2024-07-30 03:00:00,56.4,0.005,100.0,59.3,98.64,"Rain, Partially cloudy",Rainy
2024-07-30T04,2024-07-30,1.0,0.0,0.0,0.0,2024-07-30 04:00:00,56.4,0.0,0.0,15.0,98.77,Clear,Clear
2024-07-30T05,2024-07-30,0.0,0.0,0.0,0.0,2024-07-30 05:00:00,55.4,0.0,0.0,37.0,98.72,Partially cloudy,Cloudy
2024-07-30T06,2024-07-30,0.0,0.0,0.0,0.0,2024-07-30 06:00:00,54.5,0.0,0.0,39.1,98.99,Partially cloudy,Cloudy
2024-07-30T07,2024-07-30,1.0,0.0,0.0,0.0,2024-07-30 07:00:00,54.2,0.0,0.0,6.2,98.91,Clear,Clear
2024-07-30T08,2024-07-30,3.0,0.0,0.0,0.0,2024-07-30 08:00:00,56.3,0.0,0.0,5.0,98.71,Clear,Clear
2024-07-30T09,2024-07-30,5.0,2.0,0.0,0.0,2024-07-30 09:00:00,58.5,0.0,0.0,73.3,98.22,Partially cloudy,Cloudy
2024-07-30T10,2024-07-30,5.0,0.0,0.0,0.0,2024-07-30 10:00:00,60.3,0.0,0.0,19.4,97.31,Clear,Clear
2024-07-30T11,2024-07-30,7.0,0.0,0.0,0.0,2024-07-30 11:00:00,64.2,0.0,0.0,9.0,89.22,Clear,Clear
2024-07-30T12,2024-07-30,7.0,1.0,0.0,0.0,2024-07-30 12:00:00,65.2,0.0,0.0,88.4,79.08,Partially cloudy,Cloudy
2024-07-30T13,2024-07-30,4.0,0.0,0.0,0.0,2024-07-30 13:00:00,67.2,0.0,0.0,12.6,76.51,Clear,Clear
2024-07-30T14,2024-07-30,2.0,0.0,0.0,0.0,2024-07-30 14:00:00,67.6,0.0,0.0,2.4,70.3,Clear,Clear
2024-07-30T15,2024-07-30,9.0,2.0,2.25,0.25,2024-07-30 15:00:00,67.4,0.029,100.0,94.2,68.08,"Rain, Overcast",Rainy
2024-07-30T16,2024-07-30,5.0,1.0,0.35,0.0666666666666666,2024-07-30 16:00:00,65.4,0.0,0.0,0.0,74.93,Clear,Clear
2024-07-30T17,2024-07-30,2.0,0.0,0.0,0.0,2024-07-30 17:00:00,62.9,0.0,0.0,0.0,82.65,Clear,Clear
2024-07-30T18,2024-07-30,0.0,0.0,0.0,0.0,2024-07-30 18:00:00,62.2,0.0,0.0,84.2,85.23,Partially cloudy,Cloudy
2024-07-30T19,2024-07-30,1.0,0.0,0.0,0.0,2024-07-30 19:00:00,61.4,0.0,0.0,0.0,88.92,Clear,Clear
2024-07-30T20,2024-07-30,1.0,0.0,0.0,0.0,2024-07-30 20:00:00,60.6,0.0,0.0,0.0,92.53,Clear,Clear
2024-07-30T21,2024-07-30,1.0,0.0,0.0,0.0,2024-07-30 21:00:00,59.0,0.045,100.0,39.1,94.82,"Rain, Partially cloudy",Rainy
2024-07-30T22,2024-07-30,0.0,0.0,0.0,0.0,2024-07-30 22:00:00,57.9,0.0,0.0,3.3,96.19,Clear,Clear
2024-07-30T23,2024-07-30,0.0,0.0,0.0,0.0,2024-07-30 23:00:00,58.1,0.0,0.0,16.3,97.41,Clear,Clear
2024-07-31T00,2024-07-31,0.0,0.0,0.0,0.0,2024-07-31 00:00:00,57.7,0.0,0.0,10.0,97.69,Clear,Clear
2024-07-31T01,2024-07-31,1.0,0.0,0.0,0.0,2024-07-31 01:00:00,57.0,0.0,0.0,13.4,97.77,Clear,Clear
2024-07-31T02,2024-07-31,2.0,0.0,0.0,0.0,2024-07-31 02:00:00,56.1,0.0,0.0,5.4,98.21,Clear,Clear
2024-07-31T03,2024-07-31,0.0,0.0,0.0,0.0,2024-07-31 03:00:00,55.6,0.006,100.0,10.0,97.57,Rain,Rainy
2024-07-31T04,2024-07-31,3.0,0.0,0.0,0.0,2024-07-31 04:00:00,54.9,0.0,0.0,8.8,98.22,Clear,Clear
2024-07-31T05,2024-07-31,1.0,0.0,0.0,0.0,2024-07-31 05:00:00,54.3,0.0,0.0,8.2,98.34,Clear,Clear
2024-07-31T06,2024-07-31,0.0,0.0,0.0,0.0,2024-07-31 06:00:00,54.1,0.0,0.0,10.0,98.57,Clear,Clear
2024-07-31T07,2024-07-31,2.0,0.0,0.0,0.0,2024-07-31 07:00:00,53.8,0.0,0.0,6.9,98.22,Clear,Clear
2024-07-31T08,2024-07-31,1.0,0.0,0.0,0.0,2024-07-31 08:00:00,55.6,0.0,0.0,2.7,98.42,Clear,Clear
2024-07-31T09,2024-07-31,5.0,0.0,0.0,0.0,2024-07-31 09:00:00,60.9,0.0,0.0,10.0,86.76,Clear,Clear
2024-07-31T10,2024-07-31,3.0,1.0,0.0,0.0,2024-07-31 10:00:00,64.9,0.0,0.0,4.1,73.01,Clear,Clear
2024-07-31T11,2024-07-31,8.0,1.0,0.9166666666666666,0.1,2024-07-31 11:00:00,68.6,0.0,0.0,6.7,65.85,Clear,Clear
2024-07-31T12,2024-07-31,9.0,1.0,0.2,0.0166666666666666,2024-07-31 12:00:00,69.8,0.0,0.0,73.3,65.81,Partially cloudy,Cloudy
2024-07-31T13,2024-07-31,3.0,0.0,0.0,0.0,2024-07-31 13:00:00,71.9,0.0,0.0,4.7,64.68,Clear,Clear
2024-07-31T14,2024-07-31,4.0,0.0,0.0,0.0,2024-07-31 14:00:00,71.4,0.0,0.0,0.1,67.69,Clear,Clear
2024-07-31T15,2024-07-31,4.0,1.0,0.0,0.0,2024-07-31 15:00:00,68.2,0.014,100.0,94.2,75.67,"Rain, Overcast",Rainy
2024-07-31T16,2024-07-31,14.0,4.0,4.366666666666666,0.3,2024-07-31 16:00:00,68.7,0.0,0.0,4.1,72.79,Clear,Clear
2024-07-31T17,2024-07-31,10.0,2.0,1.0666666666666669,0.1,2024-07-31 17:00:00,68.1,0.0,0.0,0.0,76.34,Clear,Clear
2024-07-31T18,2024-07-31,2.0,0.0,0.0,0.0,2024-07-31 18:00:00,67.1,0.0,0.0,94.2,78.7,Overcast,Cloudy
2024-07-31T19,2024-07-31,5.0,0.0,0.0,0.0,2024-07-31 19:00:00,64.9,0.0,0.0,98.8,91.2,Overcast,Cloudy
2024-07-31T20,2024-07-31,0.0,0.0,0.0,0.0,2024-07-31 20:00:00,59.9,0.0,0.0,99.7,93.46,Overcast,Cloudy
2024-07-31T21,2024-07-31,0.0,0.0,0.0,0.0,2024-07-31 21:00:00,61.5,0.242,100.0,100.0,94.87,"Rain, Overcast",Rainy
2024-07-31T22,2024-07-31,2.0,0.0,0.0,0.0,2024-07-31 22:00:00,60.6,0.0,0.0,100.0,93.05,Overcast,Cloudy
2024-07-31T23,2024-07-31,1.0,0.0,0.0,0.0,2024-07-31 23:00:00,57.8,0.0,0.0,100.0,91.62,Overcast,Cloudy
2024-08-01T00,2024-08-01,0.0,0.0,0.0,0.0,2024-08-01 00:00:00,57.6,0.0,0.0,95.8,91.11,Overcast,Cloudy
2024-08-01T01,2024-08-01,0.0,0.0,0.0,0.0,2024-08-01 01:00:00,57.3,0.0,0.0,100.0,79.18,Overcast,Cloudy
2024-08-01T02,2024-08-01,0.0,0.0,0.0,0.0,2024-08-01 02:00:00,58.1,0.0,0.0,100.0,71.1,Overcast,Cloudy
2024-08-01T03,2024-08-01,0.0,0.0,0.0,0.0,2024-08-01 03:00:00,56.3,0.156,100.0,66.7,67.28,"Rain, Partially cloudy",Rainy
2024-08-01T04,2024-08-01,0.0,0.0,0.0,0.0,2024-08-01 04:00:00,54.0,0.0,0.0,72.8,76.58,Partially cloudy,Cloudy
2024-08-01T05,2024-08-01,0.0,0.0,0.0,0.0,2024-08-01 05:00:00,55.7,0.0,0.0,65.3,59.2,Partially cloudy,Cloudy
2024-08-01T06,2024-08-01,0.0,0.0,0.0,0.0,2024-08-01 06:00:00,55.4,0.0,0.0,94.2,58.61,Overcast,Cloudy
2024-08-01T07,2024-08-01,4.0,1.0,3.2666666666666666,0.8166666666666667,2024-08-01 07:00:00,54.3,0.0,0.0,89.3,61.55,Partially cloudy,Cloudy
2024-08-01T08,2024-08-01,3.0,0.0,0.0,0.0,2024-08-01 08:00:00,54.6,0.0,0.0,58.5,70.27,Partially cloudy,Cloudy
2024-08-01T09,2024-08-01,5.0,0.0,0.0,0.0,2024-08-01 09:00:00,56.5,0.0,0.0,47.7,60.93,Partially cloudy,Cloudy
2024-08-01T10,2024-08-01,5.0,1.0,29.98333333333333,5.983333333333333,2024-08-01 10:00:00,58.1,0.0,0.0,39.4,58.61,Partially cloudy,Cloudy
2024-08-01T11,2024-08-01,6.0,0.0,0.0,0.0,2024-08-01 11:00:00,59.7,0.0,0.0,5.0,54.77,Clear,Clear
2024-08-01T12,2024-08-01,9.0,2.0,0.0,0.0,2024-08-01 12:00:00,60.4,0.0,0.0,34.2,53.62,Partially cloudy,Cloudy
2024-08-01T13,2024-08-01,9.0,1.0,13.4,1.4833333333333334,2024-08-01 13:00:00,56.7,0.0,0.0,13.5,69.52,Clear,Clear
2024-08-01T14,2024-08-01,4.0,0.0,0.0,0.0,2024-08-01 14:00:00,56.2,0.0,0.0,45.2,70.08,Partially cloudy,Cloudy
2024-08-01T15,2024-08-01,6.0,0.0,0.0,0.0,2024-08-01 15:00:00,56.2,0.015,100.0,47.7,68.18,"Rain, Partially cloudy",Rainy
2024-08-01T16,2024-08-01,3.0,0.0,0.0,0.0,2024-08-01 16:00:00,56.3,0.0,0.0,100.0,67.77,Overcast,Cloudy
2024-08-01T17,2024-08-01,6.0,0.0,0.0,0.0,2024-08-01 17:00:00,54.5,0.0,0.0,100.0,71.34,Overcast,Cloudy
2024-08-01T18,2024-08-01,2.0,0.0,0.0,0.0,2024-08-01 18:00:00,53.1,0.0,0.0,59.3,76.88,Partially cloudy,Cloudy
2024-08-01T19,2024-08-01,3.0,0.0,0.0,0.0,2024-08-01 19:00:00,51.3,0.0,0.0,100.0,85.67,Overcast,Cloudy
2024-08-01T20,2024-08-01,0.0,0.0,0.0,0.0,2024-08-01 20:00:00,50.2,0.0,0.0,98.3,89.47,Overcast,Cloudy
2024-08-01T21,2024-08-01,1.0,0.0,0.0,0.0,2024-08-01 21:00:00,49.9,0.022,100.0,77.4,91.84,"Rain, Partially cloudy",Rainy
2024-08-01T22,2024-08-01,3.0,0.0,0.0,0.0,2024-08-01 22:00:00,49.1,0.0,0.0,83.3,91.74,Partially cloudy,Cloudy
2024-08-01T23,2024-08-01,0.0,0.0,0.0,0.0,2024-08-01 23:00:00,48.4,0.0,0.0,96.2,94.69,Overcast,Cloudy
2024-08-02T00,2024-08-02,1.0,0.0,0.0,0.0,2024-08-02 00:00:00,47.9,0.0,0.0,68.4,95.13,Partially cloudy,Cloudy
2024-08-02T01,2024-08-02,0.0,0.0,0.0,0.0,2024-08-02 01:00:00,47.7,0.0,0.0,95.7,96.09,Overcast,Cloudy
2024-08-02T02,2024-08-02,0.0,0.0,0.0,0.0,2024-08-02 02:00:00,48.4,0.0,0.0,99.8,95.52,Overcast,Cloudy
2024-08-02T03,2024-08-02,0.0,0.0,0.0,0.0,2024-08-02 03:00:00,48.2,0.003,100.0,90.0,95.16,"Rain, Partially cloudy",Rainy
2024-08-02T04,2024-08-02,0.0,0.0,0.0,0.0,2024-08-02 04:00:00,47.4,0.0,0.0,99.5,93.09,Overcast,Cloudy
2024-08-02T05,2024-08-02,0.0,0.0,0.0,0.0,2024-08-02 05:00:00,46.0,0.0,0.0,96.9,93.51,Overcast,Cloudy
2024-08-02T06,2024-08-02,1.0,0.0,0.0,0.0,2024-08-02 06:00:00,46.5,0.0,0.0,94.2,95.21,Overcast,Cloudy
2024-08-02T07,2024-08-02,2.0,0.0,0.0,0.0,2024-08-02 07:00:00,47.3,0.0,0.0,100.0,95.31,Overcast,Cloudy
2024-08-02T08,2024-08-02,4.0,0.0,0.0,0.0,2024-08-02 08:00:00,48.4,0.0,0.0,100.0,92.16,Overcast,Cloudy
2024-08-02T09,2024-08-02,3.0,0.0,0.0,0.0,2024-08-02 09:00:00,51.3,0.0,0.0,94.2,81.43,Overcast,Cloudy
2024-08-02T10,2024-08-02,6.0,0.0,0.0,0.0,2024-08-02 10:00:00,55.9,0.0,0.0,100.0,67.84,Overcast,Cloudy
2024-08-02T11,2024-08-02,7.0,0.0,0.0,0.0,2024-08-02 11:00:00,58.8,0.0,0.0,99.8,58.87,Overcast,Cloudy
2024-08-02T12,2024-08-02,8.0,1.0,2.8666666666666667,0.35,2024-08-02 12:00:00,59.9,0.0,0.0,94.2,55.44,Overcast,Cloudy
2024-08-02T13,2024-08-02,14.0,4.0,8.333333333333334,0.5833333333333334,2024-08-02 13:00:00,60.4,0.0,0.0,100.0,54.57,Overcast,Cloudy
2024-08-02T14,2024-08-02,8.0,0.0,0.0,0.0,2024-08-02 14:00:00,60.6,0.0,0.0,100.0,55.1,Overcast,Cloudy
2024-08-02T15,2024-08-02,7.0,2.0,25.15,3.583333333333333,2024-08-02 15:00:00,60.5,0.002,100.0,94.2,55.79,"Rain, Overcast",Rainy
2024-08-02T16,2024-08-02,7.0,1.0,16.583333333333332,2.3666666666666667,2024-08-02 16:00:00,59.1,0.0,0.0,97.2,60.08,Overcast,Cloudy
2024-08-02T17,2024-08-02,5.0,0.0,0.0,0.0,2024-08-02 17:00:00,58.3,0.0,0.0,100.0,62.6,Overcast,Cloudy
2024-08-02T18,2024-08-02,3.0,0.0,0.0,0.0,2024-08-02 18:00:00,55.7,0.0,0.0,94.2,69.94,Overcast,Cloudy
2024-08-02T19,2024-08-02,2.0,0.0,0.0,0.0,2024-08-02 19:00:00,55.4,0.0,0.0,100.0,73.3,Overcast,Cloudy
2024-08-02T20,2024-08-02,1.0,0.0,0.0,0.0,2024-08-02 20:00:00,54.1,0.0,0.0,100.0,76.22,Overcast,Cloudy
2024-08-02T21,2024-08-02,2.0,1.0,0.0,0.0,2024-08-02 21:00:00,53.4,0.0,0.0,76.7,78.81,Partially cloudy,Cloudy
2024-08-02T22,2024-08-02,0.0,0.0,0.0,0.0,2024-08-02 22:00:00,51.9,0.0,0.0,38.4,84.0,Partially cloudy,Cloudy
2024-08-02T23,2024-08-02,1.0,0.0,0.0,0.0,2024-08-02 23:00:00,50.4,0.0,0.0,16.6,88.3,Clear,Clear
2024-08-03T00,2024-08-03,0.0,0.0,0.0,0.0,2024-08-03 00:00:00,48.5,0.0,0.0,39.3,91.97,Partially cloudy,Cloudy
2024-08-03T01,2024-08-03,0.0,0.0,0.0,0.0,2024-08-03 01:00:00,46.6,0.0,0.0,5.0,94.14,Clear,Clear
2024-08-03T02,2024-08-03,0.0,0.0,0.0,0.0,2024-08-03 02:00:00,45.8,0.0,0.0,5.0,91.47,Clear,Clear
2024-08-03T03,2024-08-03,0.0,0.0,0.0,0.0,2024-08-03 03:00:00,44.3,0.0,0.0,10.0,93.85,Clear,Clear
2024-08-03T04,2024-08-03,0.0,0.0,0.0,0.0,2024-08-03 04:00:00,43.5,0.0,0.0,2.0,94.26,Clear,Clear
2024-08-03T05,2024-08-03,1.0,0.0,0.0,0.0,2024-08-03 05:00:00,42.6,0.0,0.0,0.6000000000000001,93.3,Clear,Clear
2024-08-03T06,2024-08-03,0.0,0.0,0.0,0.0,2024-08-03 06:00:00,42.8,0.0,0.0,0.30000000000000004,94.28,Clear,Clear
2024-08-03T07,2024-08-03,0.0,0.0,0.0,0.0,2024-08-03 07:00:00,43.9,0.0,0.0,0.0,90.87,Clear,Clear
2024-08-03T08,2024-08-03,2.0,0.0,0.0,0.0,2024-08-03 08:00:00,47.6,0.0,0.0,0.0,81.36,Clear,Clear
2024-08-03T09,2024-08-03,3.0,0.0,0.0,0.0,2024-08-03 09:00:00,52.6,0.001,100.0,0.0,68.79,Rain,Rainy
2024-08-03T10,2024-08-03,2.0,0.0,0.0,0.0,2024-08-03 10:00:00,57.1,0.0,0.0,0.0,58.77,Clear,Clear
2024-08-03T11,2024-08-03,1.0,0.0,0.0,0.0,2024-08-03 11:00:00,60.6,0.0,0.0,0.0,51.47,Clear,Clear
2024-08-03T12,2024-08-03,3.0,0.0,0.0,0.0,2024-08-03 12:00:00,62.8,0.0,0.0,10.0,46.99,Clear,Clear
2024-08-03T13,2024-08-03,4.0,0.0,0.0,0.0,2024-08-03 13:00:00,64.6,0.0,0.0,0.0,42.07,Clear,Clear
2024-08-03T14,2024-08-03,5.0,0.0,0.0,0.0,2024-08-03 14:00:00,65.1,0.0,0.0,2.0,39.25,Clear,Clear
2024-08-03T15,2024-08-03,3.0,0.0,0.0,0.0,2024-08-03 15:00:00,64.6,0.0,0.0,40.0,41.02,Partially cloudy,Cloudy
2024-08-03T16,2024-08-03,4.0,0.0,0.0,0.0,2024-08-03 16:00:00,64.1,0.0,0.0,5.6,41.8,Clear,Clear
2024-08-03T17,2024-08-03,6.0,0.0,0.0,0.0,2024-08-03 17:00:00,61.5,0.0,0.0,28.7,46.71,Partially cloudy,Cloudy
2024-08-03T18,2024-08-03,1.0,0.0,0.0,0.0,2024-08-03 18:00:00,56.2,0.0,0.0,80.0,60.53,Partially cloudy,Cloudy
2024-08-03T19,2024-08-03,1.0,0.0,0.0,0.0,2024-08-03 19:00:00,53.5,0.0,0.0,100.0,69.63,Overcast,Cloudy
2024-08-03T20,2024-08-03,3.0,0.0,0.0,0.0,2024-08-03 20:00:00,51.4,0.0,0.0,100.0,76.54,Overcast,Cloudy
2024-08-03T21,2024-08-03,1.0,0.0,0.0,0.0,2024-08-03 21:00:00,49.8,0.0,0.0,41.6,81.02,Partially cloudy,Cloudy
2024-08-03T22,2024-08-03,1.0,0.0,0.0,0.0,2024-08-03 22:00:00,48.3,0.0,0.0,100.0,84.63,Overcast,Cloudy
2024-08-03T23,2024-08-03,0.0,0.0,0.0,0.0,2024-08-03 23:00:00,47.3,0.0,0.0,20.7,87.28,Partially cloudy,Cloudy
2024-08-04T00,2024-08-04,0.0,0.0,0.0,0.0,2024-08-04 00:00:00,45.5,0.0,0.0,10.0,89.19,Clear,Clear
2024-08-04T01,2024-08-04,0.0,0.0,0.0,0.0,2024-08-04 01:00:00,44.8,0.0,0.0,4.8,88.94,Clear,Clear
2024-08-04T02,2024-08-04,0.0,0.0,0.0,0.0,2024-08-04 02:00:00,43.8,0.0,0.0,1.7000000000000002,90.65,Clear,Clear
2024-08-04T03,2024-08-04,0.0,0.0,0.0,0.0,2024-08-04 03:00:00,43.6,0.0,0.0,0.0,88.67,Clear,Clear
2024-08-04T04,2024-08-04,0.0,0.0,0.0,0.0,2024-08-04 04:00:00,42.4,0.0,0.0,0.0,90.87,Clear,Clear
2024-08-04T05,2024-08-04,1.0,0.0,0.0,0.0,2024-08-04 05:00:00,38.7,0.0,0.0,0.0,88.62,Clear,Clear
2024-08-04T06,2024-08-04,0.0,0.0,0.0,0.0,2024-08-04 06:00:00,41.2,0.0,0.0,0.0,92.0,Clear,Clear
2024-08-04T07,2024-08-04,0.0,0.0,0.0,0.0,2024-08-04 07:00:00,40.9,0.0,0.0,0.0,91.55,Clear,Clear
2024-08-04T08,2024-08-04,1.0,0.0,0.0,0.0,2024-08-04 08:00:00,44.5,0.0,0.0,0.0,89.12,Clear,Clear
2024-08-04T09,2024-08-04,0.0,0.0,0.0,0.0,2024-08-04 09:00:00,51.5,0.0,0.0,0.0,69.46,Clear,Clear
2024-08-04T10,2024-08-04,4.0,1.0,0.3,0.0666666666666666,2024-08-04 10:00:00,57.3,0.0,0.0,5.0,56.74,Clear,Clear
2024-08-04T11,2024-08-04,7.0,1.0,0.0,0.0,2024-08-04 11:00:00,61.2,0.0,0.0,5.0,47.16,Clear,Clear
2024-08-04T12,2024-08-04,5.0,0.0,0.0,0.0,2024-08-04 12:00:00,63.8,0.0,0.0,3.6,43.27,Clear,Clear
2024-08-04T13,2024-08-04,4.0,1.0,19.466666666666665,4.866666666666666,2024-08-04 13:00:00,65.7,0.0,0.0,0.0,41.32,Clear,Clear
2024-08-04T14,2024-08-04,3.0,1.0,0.0666666666666666,0.0166666666666666,2024-08-04 14:00:00,66.0,0.0,0.0,0.0,41.15,Clear,Clear
2024-08-04T15,2024-08-04,5.0,0.0,0.0,0.0,2024-08-04 15:00:00,65.5,0.0,0.0,10.0,43.26,Clear,Clear
2024-08-04T16,2024-08-04,4.0,0.0,0.0,0.0,2024-08-04 16:00:00,65.1,0.0,0.0,5.0,44.32,Clear,Clear
2024-08-04T17,2024-08-04,4.0,0.0,0.0,0.0,2024-08-04 17:00:00,62.4,0.0,0.0,83.7,51.2,Partially cloudy,Cloudy
2024-08-04T18,2024-08-04,1.0,0.0,0.0,0.0,2024-08-04 18:00:00,57.5,0.0,0.0,30.0,64.12,Partially cloudy,Cloudy
2024-08-04T19,2024-08-04,1.0,0.0,0.0,0.0,2024-08-04 19:00:00,53.3,0.0,0.0,18.6,74.16,Clear,Clear
2024-08-04T20,2024-08-04,2.0,0.0,0.0,0.0,2024-08-04 20:00:00,51.1,0.0,0.0,96.1,78.45,Overcast,Cloudy
2024-08-04T21,2024-08-04,4.0,0.0,0.0,0.0,2024-08-04 21:00:00,49.3,0.0,0.0,57.3,82.5,Partially cloudy,Cloudy
2024-08-04T22,2024-08-04,0.0,0.0,0.0,0.0,2024-08-04 22:00:00,48.2,0.0,0.0,100.0,84.75,Overcast,Cloudy
2024-08-04T23,2024-08-04,1.0,0.0,0.0,0.0,2024-08-04 23:00:00,48.0,0.0,0.0,77.8,87.5,Partially cloudy,Cloudy
2024-08-05T00,2024-08-05,0.0,0.0,0.0,0.0,2024-08-05 00:00:00,47.6,0.0,0.0,5.0,85.02,Clear,Clear
2024-08-05T01,2024-08-05,0.0,0.0,0.0,0.0,2024-08-05 01:00:00,46.0,0.0,0.0,5.0,88.08,Clear,Clear
2024-08-05T02,2024-08-05,0.0,0.0,0.0,0.0,2024-08-05 02:00:00,44.9,0.0,0.0,5.0,90.79,Clear,Clear
2024-08-05T03,2024-08-05,0.0,0.0,0.0,0.0,2024-08-05 03:00:00,45.7,0.0,0.0,4.9,91.02,Clear,Clear
2024-08-05T04,2024-08-05,0.0,0.0,0.0,0.0,2024-08-05 04:00:00,44.8,0.0,0.0,5.0,89.61,Clear,Clear
2024-08-05T05,2024-08-05,0.0,0.0,0.0,0.0,2024-08-05 05:00:00,45.5,0.0,0.0,2.7,88.9,Clear,Clear
2024-08-05T06,2024-08-05,0.0,0.0,0.0,0.0,2024-08-05 06:00:00,45.1,0.0,0.0,0.0,89.13,Clear,Clear
2024-08-05T07,2024-08-05,2.0,0.0,0.0,0.0,2024-08-05 07:00:00,46.5,0.0,0.0,0.0,86.87,Clear,Clear
2024-08-05T08,2024-08-05,2.0,0.0,0.0,0.0,2024-08-05 08:00:00,49.8,0.0,0.0,29.0,81.43,Partially cloudy,Cloudy
2024-08-05T09,2024-08-05,2.0,1.0,3.9166666666666665,1.95,2024-08-05 09:00:00,54.7,0.0,0.0,70.9,72.83,Partially cloudy,Cloudy
2024-08-05T10,2024-08-05,5.0,0.0,0.0,0.0,2024-08-05 10:00:00,60.7,0.0,0.0,3.0,63.52,Clear,Clear
2024-08-05T11,2024-08-05,5.0,0.0,0.0,0.0,2024-08-05 11:00:00,64.5,0.0,0.0,2.1,56.32,Clear,Clear
2024-08-05T12,2024-08-05,6.0,0.0,0.0,0.0,2024-08-05 12:00:00,66.8,0.0,0.0,10.0,55.89,Clear,Clear
2024-08-05T13,2024-08-05,7.0,1.0,0.0,0.0,2024-08-05 13:00:00,66.8,0.0,0.0,5.0,55.89,Clear,Clear
2024-08-05T14,2024-08-05,4.0,0.0,0.0,0.0,2024-08-05 14:00:00,67.8,0.0,0.0,13.4,55.33,Clear,Clear
2024-08-05T15,2024-08-05,4.0,0.0,0.0,0.0,2024-08-05 15:00:00,67.0,0.0,0.0,30.0,58.94,Partially cloudy,Cloudy
2024-08-05T16,2024-08-05,4.0,0.0,0.0,0.0,2024-08-05 16:00:00,66.7,0.0,0.0,5.8,59.65,Clear,Clear
2024-08-05T17,2024-08-05,5.0,0.0,0.0,0.0,2024-08-05 17:00:00,64.8,0.0,0.0,5.0,59.59,Clear,Clear
2024-08-05T18,2024-08-05,3.0,0.0,0.0,0.0,2024-08-05 18:00:00,62.2,0.0,0.0,10.0,64.31,Clear,Clear
2024-08-05T19,2024-08-05,5.0,1.0,0.0,0.0,2024-08-05 19:00:00,59.0,0.0,0.0,4.9,70.31,Clear,Clear
2024-08-05T20,2024-08-05,2.0,0.0,0.0,0.0,2024-08-05 20:00:00,56.1,0.0,0.0,0.0,75.96,Clear,Clear
2024-08-05T21,2024-08-05,0.0,0.0,0.0,0.0,2024-08-05 21:00:00,55.1,0.0,0.0,0.0,81.14,Clear,Clear
2024-08-05T22,2024-08-05,1.0,0.0,0.0,0.0,2024-08-05 22:00:00,54.8,0.0,0.0,1.5,79.58,Clear,Clear
2024-08-05T23,2024-08-05,0.0,0.0,0.0,0.0,2024-08-05 23:00:00,53.8,0.0,0.0,21.2,82.09,Partially cloudy,Cloudy
2024-08-06T00,2024-08-06,0.0,0.0,0.0,0.0,2024-08-06 00:00:00,53.2,0.0,0.0,10.0,82.59,Clear,Clear
2024-08-06T01,2024-08-06,0.0,0.0,0.0,0.0,2024-08-06 01:00:00,52.6,0.0,0.0,94.1,84.32,Overcast,Cloudy
2024-08-06T02,2024-08-06,0.0,0.0,0.0,0.0,2024-08-06 02:00:00,51.8,0.0,0.0,17.2,85.84,Clear,Clear
2024-08-06T03,2024-08-06,0.0,0.0,0.0,0.0,2024-08-06 03:00:00,51.9,0.0,0.0,30.0,86.18,Partially cloudy,Cloudy
2024-08-06T04,2024-08-06,0.0,0.0,0.0,0.0,2024-08-06 04:00:00,51.7,0.0,0.0,17.4,86.96,Clear,Clear
2024-08-06T05,2024-08-06,0.0,0.0,0.0,0.0,2024-08-06 05:00:00,51.8,0.0,0.0,21.5,86.26,Partially cloudy,Cloudy
2024-08-06T06,2024-08-06,1.0,0.0,0.0,0.0,2024-08-06 06:00:00,51.7,0.0,0.0,43.5,86.82,Partially cloudy,Cloudy
2024-08-06T07,2024-08-06,1.0,0.0,0.0,0.0,2024-08-06 07:00:00,51.4,0.0,0.0,95.2,86.89,Overcast,Cloudy
2024-08-06T08,2024-08-06,2.0,0.0,0.0,0.0,2024-08-06 08:00:00,54.6,0.0,0.0,93.4,82.29,Overcast,Cloudy
2024-08-06T09,2024-08-06,5.0,1.0,0.0666666666666666,0.0,2024-08-06 09:00:00,59.6,0.0,0.0,40.0,73.1,Partially cloudy,Cloudy
2024-08-06T10,2024-08-06,4.0,0.0,0.0,0.0,2024-08-06 10:00:00,62.8,0.0,0.0,99.0,67.97,Overcast,Cloudy
2024-08-06T11,2024-08-06,4.0,0.0,0.0,0.0,2024-08-06 11:00:00,65.6,0.0,0.0,100.0,63.66,Overcast,Cloudy
2024-08-06T12,2024-08-06,9.0,0.0,0.0,0.0,2024-08-06 12:00:00,67.4,0.0,0.0,94.2,61.35,Overcast,Cloudy
2024-08-06T13,2024-08-06,8.0,1.0,0.5,0.05,2024-08-06 13:00:00,68.4,0.0,0.0,100.0,62.6,Overcast,Cloudy
2024-08-06T14,2024-08-06,6.0,0.0,0.0,0.0,2024-08-06 14:00:00,68.0,0.0,0.0,97.6,67.77,Overcast,Cloudy
2024-08-06T15,2024-08-06,8.0,0.0,0.0,0.0,2024-08-06 15:00:00,67.9,0.0,0.0,94.2,70.66,Overcast,Cloudy
2024-08-06T16,2024-08-06,4.0,0.0,0.0,0.0,2024-08-06 16:00:00,66.7,0.0,0.0,57.9,72.59,Partially cloudy,Cloudy
2024-08-06T17,2024-08-06,3.0,0.0,0.0,0.0,2024-08-06 17:00:00,66.2,0.0,0.0,100.0,73.97,Overcast,Cloudy
2024-08-06T18,2024-08-06,2.0,0.0,0.0,0.0,2024-08-06 18:00:00,65.1,0.0,0.0,94.2,80.95,Overcast,Cloudy
2024-08-06T19,2024-08-06,1.0,0.0,0.0,0.0,2024-08-06 19:00:00,64.6,0.0,0.0,93.3,82.58,Overcast,Cloudy
2024-08-06T20,2024-08-06,0.0,0.0,0.0,0.0,2024-08-06 20:00:00,63.4,0.0,0.0,100.0,88.34,Overcast,Cloudy
2024-08-06T21,2024-08-06,4.0,0.0,0.0,0.0,2024-08-06 21:00:00,63.2,0.026000000000000002,100.0,94.2,90.26,"Rain, Overcast",Rainy
2024-08-06T22,2024-08-06,0.0,0.0,0.0,0.0,2024-08-06 22:00:00,63.0,0.0,0.0,100.0,91.8,Overcast,Cloudy
2024-08-06T23,2024-08-06,4.0,0.0,0.0,0.0,2024-08-06 23:00:00,63.4,0.0,0.0,100.0,94.04,Overcast,Cloudy
